curpcliente,correo
DKMJ925497JKLMOV49,isheahan0@xrea.com
TBKM990359UMWOVN10,tfavell1@nhs.uk
JLOO018191TERFGH74,mmeiklam2@yahoo.co.jp
EQDY989834NYSEHR03,swyrill3@usda.gov
MESP126540UUIWDQ50,mdukesbury4@sakura.ne.jp
GVSI276460ENIROK50,gspleving5@desdev.cn
CWUV726348OZTIAH85,rllewellen6@edublogs.org
CZZD332091ASJXGE43,lbinnell7@sourceforge.net
AUYK608811EJJUYK68,cnieass8@infoseek.co.jp
TBRZ041351ACGIXA03,gbladon9@usgs.gov
YWWM475548NSQNFD77,pharmesa@issuu.com
UDIG356374NGEDXW46,rrobbb@gnu.org
GXJK782147RUQBBJ19,rashardc@sourceforge.net
VOXA660235TLONHP88,pguestd@privacy.gov.au
VSXR216850FTGUEU52,mdudmane@umich.edu
HSDS227650FTJQQG00,dvelf@wunderground.com
QXDW751823EWDPBK45,psmithsong@zimbio.com
XEMS236361FPRVJC98,hhavikh@umich.edu
HKZX466101YKDUOY29,csergeani@odnoklassniki.ru
NKVB704729ETRMQS13,oszymanekj@infoseek.co.jp
HJXI226097CKMPNP92,bchadwenk@dell.com
INEE369831UNPKPK43,bgoodlattl@goo.ne.jp
VKNF812014KEJXDQ80,vjacobsonm@elegantthemes.com
UKKM520439UZPUFG10,htorryn@squarespace.com
YFMB168100ZFBZIF10,ggollino@ed.gov
XEIP644635NHUWUI77,sjobinp@typepad.com
DHOR523332YSGJUU13,clangloisq@nydailynews.com
DSGD069153LEZNDO11,ebazoger@jalbum.net
WVUD634623XVXOBV64,bdesouzas@phpbb.com
PWSN182355ASCDGU14,pocodihiet@creativecommons.org
XOLJ568420QPMRZC36,dcrackeru@jimdo.com
ZEGK958719JUUHEB80,mcodronv@time.com
YWWM475548NSQNFD77,mwarrickw@biblegateway.com
YHDP299489OELMRT31,agepsonx@tiny.cc
YZEV489551HXNUVY11,hspaducciy@over-blog.com
IWSE614798WWDFGA07,kingamellsz@cyberchimps.com
JLOO018191TERFGH74,lhaye10@symantec.com
IPGT813715PJNBIF39,dbarday11@ebay.co.uk
EFAM904951MJWATY15,kclynman12@purevolume.com
OWLD385832DRFBKO03,cdunlap13@spiegel.de
RZHA009833RAFITO92,gsaintpierre14@phpbb.com
GYAL692371MKSYNJ58,thambrook15@fastcompany.com
SUFD294603ETITER02,brisborough16@mail.ru
AUYK608811EJJUYK68,tmannakee17@arstechnica.com
FVAV192769BYVWKJ89,cskilling18@prlog.org
ZKOB249268CMNCVH18,tburvill19@howstuffworks.com
YMQD950376RWFKHX02,pbinning1a@yolasite.com
UMWC552809OLBRYW38,dronchi1b@cocolog-nifty.com
BWYU071764XJBRWP64,dgutherson1c@usatoday.com
ZLKA348343NNLUWL31,lchesney1d@networkadvertising.org
CEFI535048GZLFET38,pcarmody1e@mtv.com
DSGD069153LEZNDO11,gdimont1f@princeton.edu
SLTW920064EKUYRI83,cvoak1g@about.me
DPQP667185JGLHLP86,pchang1h@blog.com
OXTK164473VZNSWK46,agrew1i@answers.com
YENS998318ZLGDON98,adegliabbati1j@webs.com
GCVH890981ONBSTY06,csillett1k@shop-pro.jp
GVLZ177935NGIQIN17,vblinde1l@github.com
HSDT872298JSNGVB98,jhove1m@foxnews.com
DQRQ851418SKXBLU13,jlevick1n@devhub.com
LFHE720462LWZRMA08,dtire1o@army.mil
GJDK696064OMPCUU28,ohollingby1p@issuu.com
AXIF024453ACTXNG94,hbing1q@amazon.de
UWCW933073NUVJKG02,mcleyburn1r@histats.com
YGRO533585GAHFKA07,lgrubey1s@irs.gov
URDB237306TDAHIZ95,gdrewery1t@digg.com
DJLZ809640FEATAJ66,mfrunks1u@unesco.org
MRQN124951OTKZOM78,eroydon1v@ihg.com
FDRF441541WTTVEK43,hdunleavy1w@sphinn.com
ZMEA636104RRHYKK90,fbatting1x@printfriendly.com
EWWW755570RPKJCA40,dbootland1y@github.com
KPDE946399ALFISF81,fsaggs1z@godaddy.com
RDVK455489OEFBZT51,mrodmell20@businesswire.com
XBGX616489ETOXVX85,mraff21@utexas.edu
SYNF460619ZVYBRU08,amoraleda22@wikia.com
NQKU030026TMYEQI08,ctrafford23@drupal.org
SZXE089768XOYRGT26,njillings24@hibu.com
REWD524176SXZZKE04,epaute25@nsw.gov.au
FZSE125040KWWWIZ13,ocartan26@cnbc.com
EDVY007119UDYRYJ81,rdyde27@bravesites.com
TZPL513792GOWIUP13,draise28@csmonitor.com
JFGA569357KONTJA57,aroskruge29@redcross.org
HXYZ940493BPTCHZ04,ncomelli2a@engadget.com
XEXL457395TYHGBC90,kmanvelle2b@rambler.ru
OFFU612187GABBTN51,dmatys2c@rambler.ru
FPKO180432ZYPAMN18,jgrimbaldeston2d@facebook.com
NOCQ713810LSCDZK85,deshmade2e@hexun.com
NKRD027104WLPMUE17,sdruery2f@vinaora.com
YHYC139887NFCOGQ14,dsouthard2g@economist.com
JKAK892214PKRLUU49,bosirin2h@exblog.jp
ZGLL158524HXJBUI63,kmaccoveney2i@youku.com
RPPD682358RSRLGQ03,lbuttel2j@reuters.com
NUCN203273FDNRBJ35,lrudham2k@biblegateway.com
BTIY719475CUGNZC97,mmaher2l@mtv.com
KCYD320147HXRTXA56,cfripps2m@ucsd.edu
CBDJ730366MVNAZR70,bshimwell2n@xing.com
DPPY267706VHGNRD67,tfigger2o@behance.net
KDEU889588SPNNHF64,cbaudic2p@webs.com
JTGD109295ITNLEZ92,kshakle2q@ustream.tv
YFJF734482MWECRR32,jravillas2r@columbia.edu
ODSN311022EMCZWV72,mbeedle2s@desdev.cn
EKAB133830DMMBYE32,bkoppes2t@ovh.net
XHGS092928LZJFJB86,mlavarack2u@cdbaby.com
QEXC370715ARRXOD36,aibel2v@sciencedirect.com
RZNU788378OGRWPX93,nravenscroftt2w@deviantart.com
DDHX611503WSFUSI36,cdootson2x@examiner.com
HZHR613866UXFHNI50,ssalzburger2y@google.fr
SFJJ119836IQUGCQ75,bnottram2z@drupal.org
HJSM263392YBTFWB52,gkikke30@hhs.gov
JKJR685621RMKLPH55,ataysbil31@acquirethisname.com
GKSE848043ZJCIMU20,tdorrell32@rakuten.co.jp
NJMI790407QWBFZT96,rmolohan33@army.mil
FUVT547645SQMIQP55,schipperfield34@sina.com.cn
KTXR862617VXSOPZ61,cacock35@meetup.com
IVED528033GGTUKV00,sboys36@thetimes.co.uk
LNXW591055MFXSET57,maffleck37@flickr.com
YUYN936642BBISJF69,bpykett38@a8.net
JCRH000234TSJKVR95,bshimman39@nytimes.com
HRFI684116DTGUZG96,tmiddas3a@vkontakte.ru
DQMF887250RBIBLU08,ekeavy3b@utexas.edu
MLZA623382YJLKXG85,idugue3c@samsung.com
MJXF688435OZDCPE96,epotticary3d@gnu.org
OXJE760909MFKYFO42,cdallyn3e@ftc.gov
EZZM318162FYILYU11,tgitting3f@psu.edu
EUTK478160QNWOPP10,ddurtnell3g@gnu.org
BXVZ656560LERTAI53,melen3h@vistaprint.com
SIGE635697AHWFVS37,rsiggee3i@soundcloud.com
RIIQ190833OJHATX20,mwhitely3j@mozilla.org
JEDX287919OSSQER89,eauston3k@hatena.ne.jp
VOXA660235TLONHP88,kroony3l@studiopress.com
HGSG112349HXHCIR22,nwehden3m@chronoengine.com
KPYI589019OEPUNU12,mmckinlay3n@webmd.com
GNUZ094312BFBYBD20,dgunbie3o@intel.com
KKXU252679CUPMYG67,ewhiffen3p@geocities.com
KTKS924368OEDROJ84,egealle3q@smh.com.au
FFLH639228FBCRZA96,nsliman3r@slate.com
TPMQ066961FQEZHG71,welderfield3s@washington.edu
JZHQ815504ZNHFTD22,lloyns3t@liveinternet.ru
TZPL513792GOWIUP13,kluquet3u@alexa.com
TVZT194347HMJKGG55,crushe3v@ask.com
OCKG313607IIILEQ87,ddobrowlski3w@phoca.cz
RVFZ416599EDSRGF79,telstob3x@ocn.ne.jp
QMIW477199HUDARX23,kmccurry3y@mysql.com
MSJB331232EASJWF13,rkryzhov3z@reuters.com
PKQB727458HYMCZG21,nreicharz40@spiegel.de
VXXF026894NOPEBG74,rmarde41@tinyurl.com
QCHR002077SOLCQJ99,iredsull42@163.com
LCPV927636DQRVCO90,fdiggens43@economist.com
UKWB095513EPNJEH71,thayden44@creativecommons.org
CMXZ581474PTJORE79,pheinzel45@dmoz.org
QZSC222795ABGKRD96,mpabelik46@de.vu
TTQX392209USPWIL68,lcolthard47@washingtonpost.com
PDSG485286LHBXHA24,kbuckie48@elegantthemes.com
EDVY007119UDYRYJ81,speller49@prnewswire.com
HKZX466101YKDUOY29,nsabati4a@usnews.com
RUMN898170WYYAXY37,nbeare4b@symantec.com
ZFLS920962JZPFZM88,wvearncombe4c@shinystat.com
UURG063351QHNXQO49,dangear4d@indiegogo.com
DGAE594069ATBXGO30,blane4e@sphinn.com
UAWR779408CAZZHZ07,ffassman4f@apache.org
VTTM689813OKRNKL60,rgilhoolie4g@360.cn
ALTB549323AVKBZN66,efolbig4h@tripod.com
GXJK782147RUQBBJ19,iscriver4i@bloglovin.com
JTTU062052RIHFRI89,ccroux4j@ucsd.edu
IEJW008667SKRHIJ00,bheintzsch4k@skyrock.com
CZAY388722SYJPMC07,kridpath4l@surveymonkey.com
GNGC981556NJCMVK53,kcottage4m@list-manage.com
IQUH419955PLGBMQ46,jrowan4n@aol.com
NQKU030026TMYEQI08,ewhatsize4o@google.ca
YZEV489551HXNUVY11,brilston4p@example.com
XJSU821438ZXGKKW14,aspurrior4q@google.co.jp
XUMC830184LMZDEO85,kvequaud4r@spiegel.de
TKGW478626VXHOGJ34,tduffree4s@naver.com
BVYJ080258CBPIZN47,mkubek4t@freewebs.com
OPEJ491588YKCGDL93,cbonhan4u@blog.com
IEJW008667SKRHIJ00,tkamen4v@imageshack.us
HKBV957575XICPCH91,wotierney4w@storify.com
XEIP644635NHUWUI77,cfeatherstonhaugh4x@washington.edu
ZHSN648958ROLSYG06,wstubbin4y@addtoany.com
WKQS874885PLFKZR10,atidbald4z@forbes.com
MWQG075046MJDMUP40,cspeake50@fema.gov
JFGA569357KONTJA57,wellingham51@hostgator.com
ZLDE404846UVBNMF67,rcardwell52@plala.or.jp
KFDR085891ZGZDCC86,bduncklee53@nytimes.com
GQIX203482FPZYMV49,gsaundercock54@cmu.edu
RCDZ713284HSBLOA30,sloren55@thetimes.co.uk
HXYZ940493BPTCHZ04,bskacel56@imgur.com
IPGT813715PJNBIF39,akorneev57@ehow.com
HMOL751810CKQTWF15,afolliott58@ucsd.edu
NQAL077252VQAMGQ58,hginnane59@wufoo.com
ETOL969098ZUXLQL90,ilyste5a@ftc.gov
CSBE559949SNYMNV48,wbutchard5b@desdev.cn
AAOJ478641HQEIEE28,jloveguard5c@hao123.com
ADMO222873GXBBSH00,ngeake5d@hatena.ne.jp
NTRZ748259BGAZUM05,ajanecki5e@samsung.com
IGIF019725ICOEPL30,dbeagan5f@ucoz.com
XFXQ567034CTPDQP45,ngadie5g@telegraph.co.uk
XBGX616489ETOXVX85,mlambol5h@buzzfeed.com
PPDY400718BZXPPH27,dwasmer5i@google.it
AZAT689844KSOHFJ63,baguirrezabal5j@paypal.com
HJXI226097CKMPNP92,zgristwood5k@home.pl
UTIZ189160WCBSAH45,cmillbank5l@wikimedia.org
QZHV808913CQHIQG47,ntrevan5m@pagesperso-orange.fr
BSQZ930158GYTKRF40,gmamwell5n@mail.ru
YHVY970948GDGUED80,tbeneix5o@zimbio.com
RYCG359181GGBCSA84,amartyntsev5p@i2i.jp
BYVV248717DHHCUJ93,lbromehed5q@mail.ru
GWAW396177HOAVFA18,oogus5r@nasa.gov
DKUB023646XTJVTH99,rashfield5s@economist.com
UFDF313142NSHSUM08,lbrearty5t@free.fr
YZAN403065AJKOJX02,cscrigmour5u@indiegogo.com
ZUPT532374MUUEBA40,nlinzee5v@usa.gov
UKKM520439UZPUFG10,thugnot5w@squarespace.com
JDXE829054NXBLFA85,xlyttle5x@digg.com
FFLH639228FBCRZA96,ckelland5y@digg.com
QCHR002077SOLCQJ99,lsnipe5z@blogspot.com
MVSP171977MHYJJU65,bbalfour60@blog.com
GWNN821801XUURKP03,prowlin61@hhs.gov
CMBI264181UCYEGI82,ngenders62@bloglines.com
ELXB575966RQKSKF44,rspurett63@google.com.au
QFOW220555OAHGLR69,gjancik64@netscape.com
HWUD829292LZQTRG72,dmetherell65@telegraph.co.uk
RQAV213740TOZISM54,vstiddard66@hibu.com
KENG690431JITFDO35,froskrug67@nature.com
OTDH094173LOADZB44,bkulis68@xinhuanet.com
JZHQ815504ZNHFTD22,seagell69@goo.gl
QFGM485435ZAKCGY79,htutchell6a@angelfire.com
TURR278304GLLQKU30,efollacaro6b@printfriendly.com
QZSC222795ABGKRD96,crickesies6c@cloudflare.com
YYYK458377IVUWHO95,dblatherwick6d@weather.com
MQTB387836TBJRQP95,sninnoli6e@dion.ne.jp
VIHA075334HFDHPO81,esonley6f@cnn.com
JLWF874431ZCGKEB29,bcastellanos6g@woothemes.com
HMCJ934924QRMKTW37,aleare6h@addtoany.com
IQUH419955PLGBMQ46,obenting6i@newyorker.com
XSYP181318MVLRID70,pbealing6j@craigslist.org
UEGZ215097DYHONC29,kperkins6k@cargocollective.com
ANLE795782INHURO49,jreadings6l@wp.com
SGCG822734ZNLITO36,dakaster6m@plala.or.jp
QFKD748367RSYIHE27,pfleisch6n@ocn.ne.jp
NHVV735923KWVSSZ90,bcloutt6o@nih.gov
IKRL208546DUDUWO36,rdunkersley6p@mac.com
YZOZ861403RGIAUZ59,spettisall6q@amazon.co.uk
MRHL982794UVUQYS83,tmcgee6r@smugmug.com
NOCQ713810LSCDZK85,rorsay6s@newyorker.com
RDVK455489OEFBZT51,gdjurisic6t@epa.gov
KXNT422806JDPPFS26,dcodman6u@accuweather.com
BGAU237881JTWYSM67,mheck6v@geocities.jp
EQDY989834NYSEHR03,kmacinnes6w@technorati.com
YLQE540356SOOASC02,ehenriques6x@jimdo.com
BFDG087520KCDRWD77,bangelo6y@usgs.gov
RZNU788378OGRWPX93,nyearns6z@google.nl
AFYM001767DNYDUT99,fnester70@cbslocal.com
OJTN183513WBWGSK08,myoakley71@indiegogo.com
YFMB168100ZFBZIF10,fchelsom72@taobao.com
RUYS165189ZKIHDE22,psybe73@chron.com
RNES145080GAKREF24,wattew74@bizjournals.com
AAWW217548LHAHAB25,epattullo75@wisc.edu
OJTN183513WBWGSK08,cbracey76@scribd.com
JCEI225149QUZJFC70,bmcparlin77@nifty.com
VIHA075334HFDHPO81,acoult78@cdbaby.com
MWQG075046MJDMUP40,grraundl79@issuu.com
CMXZ581474PTJORE79,rrowler7a@lycos.com
CFKD564201RHSWSS09,eamori7b@domainmarket.com
CYSC446333YKBFMC79,mcricket7c@networksolutions.com
NQPG359671FKDFOX51,lgorwood7d@paypal.com
CEMI896161VBCBKS36,mforber7e@hc360.com
JDCN928806DHWZCC91,rstallebrass7f@addtoany.com
YWDD247736ZGFEWP82,sguillon7g@abc.net.au
KYJL002199NTEMKE44,hodougherty7h@yale.edu
NCIP539401PIFSUV70,vziemke7i@wsj.com
GDYT777454AXPIFK25,sgauford7j@imgur.com
XOEV845099FJMDRD61,ksanter7k@indiegogo.com
IQUH419955PLGBMQ46,rmuckloe7l@wikia.com
KUOT935505XFDZDM18,hcudde7m@cbc.ca
WIMW336391UWHIJP39,pdunkley7n@archive.org
DQZE128104NCIFAD08,lmixter7o@stanford.edu
CJVE394672VNGFUR51,mhawksby7p@hubpages.com
UCYN283908GIBWXZ17,bheijne7q@loc.gov
PMMC499165SEJYWN54,jonn7r@skyrock.com
OXTK164473VZNSWK46,bbrightie7s@senate.gov
XHCX434956XQGXLF58,cvanyashkin7t@slideshare.net
TBSC864946PKLOTP00,mdobbin7u@moonfruit.com
JCRH000234TSJKVR95,bprati7v@house.gov
LFHE720462LWZRMA08,eimpy7w@jalbum.net
ELXB575966RQKSKF44,macreman7x@gizmodo.com
YZAN403065AJKOJX02,bdrewclifton7y@webeden.co.uk
RNES145080GAKREF24,khellens7z@google.com.hk
CMXZ581474PTJORE79,rreadie80@dropbox.com
RNES145080GAKREF24,wbiaggelli81@alexa.com
WIMW336391UWHIJP39,bpogosian82@accuweather.com
XEIP644635NHUWUI77,choudhury83@canalblog.com
UURG063351QHNXQO49,smclarty84@economist.com
MGCS166192WWCSCY97,acowtherd85@sciencedaily.com
SLTW920064EKUYRI83,lwulfinger86@theguardian.com
OFVC296652BPCSIT90,nhordell87@netlog.com
DGIL281526CYSDLC11,mnorrey88@github.io
HXBF891890UCKGWV14,ecromack89@usatoday.com
KUOT935505XFDZDM18,cpullinger8a@imdb.com
QPPO016012WGYJRC44,grobard8b@nbcnews.com
TEMV885171HKXRLV24,tschwier8c@reference.com
NJMI790407QWBFZT96,mhenfre8d@homestead.com
GKSE848043ZJCIMU20,drhoades8e@deviantart.com
LZNR778284XSAKJS35,ajanecki8f@opensource.org
QMIW477199HUDARX23,lcoulsen8g@comsenz.com
ITCF899831LRZUEV15,ehadley8h@bbc.co.uk
PKNC711319BJJZSU34,scapitano8i@goodreads.com
ODSN311022EMCZWV72,dartin8j@digg.com
HZHR613866UXFHNI50,lmewhirter8k@example.com
PIWO106354EINJUR81,jscragg8l@mapy.cz
GKSE848043ZJCIMU20,vpragnall8m@tuttocitta.it
FVIJ281621FVLHUO52,afautly8n@istockphoto.com
MCVP956277EVTEOK51,largent8o@sphinn.com
LFHE720462LWZRMA08,ifrancklyn8p@chron.com
PFVV306877XMJBXG09,glenox8q@hud.gov
VXZZ339724XUAVMZ93,dsweatland8r@upenn.edu
DFBC782340YMWIHZ19,sgullivan8s@hc360.com
ZLDE404846UVBNMF67,rdrivers8t@tumblr.com
MSJB331232EASJWF13,lconichie8u@gravatar.com
RZYM944222PFXATN97,sgeleman8v@qq.com
XCFC015676RTQJOG77,nleys8w@cargocollective.com
MJSR423211VKOUEC46,fcanada8x@ehow.com
XOLS405428MYMGSP55,mdenson8y@squarespace.com
ZFLS920962JZPFZM88,hsnawdon8z@4shared.com
PVHS334811JEXNFZ44,tmcdavitt90@addtoany.com
HSKY203390QKBGSY59,ghalkyard91@japanpost.jp
FBBO125834RJLEGG84,ekirtley92@oaic.gov.au
YHTN283263LMVIZV66,phasnney93@va.gov
FZSE125040KWWWIZ13,rdjordjevic94@linkedin.com
NDFN120203DRLKCE65,oingerfield95@netvibes.com
WJZN834867MNNUVR83,jblackster96@ca.gov
BCTQ239836WDUMKJ53,hhawe97@w3.org
DPQP667185JGLHLP86,dcrevagh98@ning.com
GJDK696064OMPCUU28,reastby99@bigcartel.com
RARJ686456NLEAVV90,sfranzelini9a@seesaa.net
SYNF460619ZVYBRU08,ahindmore9b@ycombinator.com
UKKM520439UZPUFG10,epatterson9c@mozilla.com
PKHG680623IOGUYQ72,psimmen9d@latimes.com
RVTR152224KPCYPL14,hbraisby9e@va.gov
MJML844563KXZGXG20,zbrolan9f@java.com
TEMV885171HKXRLV24,alamie9g@goodreads.com
SDJP215439OVQVML29,nchalder9h@latimes.com
BYVV248717DHHCUJ93,fmclucky9i@blinklist.com
TANY214305YRHIAW79,hbeecheno9j@nba.com
NOCQ713810LSCDZK85,tpetty9k@wp.com
GUNS500729CNXOOM96,bbang9l@ifeng.com
BAMW913311GGVOOC23,fbolsover9m@sourceforge.net
XEMS236361FPRVJC98,nkhosa9n@java.com
YLQE540356SOOASC02,frimell9o@bizjournals.com
XOEV845099FJMDRD61,eflury9p@cpanel.net
MIMG241256DLWZMP49,arenzullo9q@google.fr
BAIT320650WTOFDE61,pberdale9r@jiathis.com
VXZZ339724XUAVMZ93,avallery9s@dyndns.org
SFZS149155EGSGGM96,jcow9t@goo.ne.jp
WZFV886405NPVREV55,dbruhnicke9u@goo.ne.jp
HQBI319273HKOSWA81,mleighfield9v@army.mil
ZGWT035912ZYOXEQ32,mgatiss9w@e-recht24.de
HNUF976489FCKRYU18,ltamlett9x@foxnews.com
LYNQ358544XVWFNP21,dblampied9y@lulu.com
DNAQ253016PTHCVV48,cboyett9z@discuz.net
SOAA604553QWYJDX65,gruppa0@indiatimes.com
SFJJ119836IQUGCQ75,avangeffena1@forbes.com
RZNU788378OGRWPX93,jgreatrakesa2@slideshare.net
IHDK268206RFFEBA07,gkintona3@reference.com
HORF106004ROVKZL20,mwithera4@360.cn
GVUO697256XXOBRW46,dguivera5@godaddy.com
FZON949286CBVYRM86,ukorfa6@theglobeandmail.com
HGBM412080HEHQXG60,vchurchousea7@psu.edu
DSQB471259NVETLK58,pfeatonbya8@hibu.com
TURR278304GLLQKU30,lislesa9@exblog.jp
DMSC486028RZYQQY78,dleevesaa@cafepress.com
SVUW479103IEVSBQ49,rchapellab@dell.com
ROXP920459FZTZER58,ilurcockac@archive.org
TROF885895RDDZIV58,rsheldonad@hexun.com
WNBK707334FUUYZP46,rkenratae@state.tx.us
KJAD296930TMWIEL34,scheneryaf@psu.edu
CEMI896161VBCBKS36,vleregoag@shinystat.com
KRNF517334EXIMTE51,koflahertyah@creativecommons.org
QXGN666252FMAAKO50,sgallearai@intel.com
EBLE696742OLWZAO64,mocannavanaj@msn.com
GMCJ306653NYBRHR56,lalbrechtak@berkeley.edu
SOAA604553QWYJDX65,lphalipal@netscape.com
JCEI225149QUZJFC70,bmauriceam@1und1.de
JPZT569951WAFTFN98,ibenneran@blogger.com
IFCF262955QMLBBX55,gmcvickerao@xinhuanet.com
ONRK007035ZVFIDO30,lschermickap@sfgate.com
STKC736360RHXAHA57,mambrusaq@usatoday.com
BGAU237881JTWYSM67,cburdgear@mlb.com
EHTP819767YUMEFP88,ccluteas@ebay.co.uk
HRFI684116DTGUZG96,kdibiasiat@un.org
VOQT739616MVPDDG88,cmallabonau@indiatimes.com
DXAC020753RVULDS04,iwegmanav@mapquest.com
RTNH987553IDEZRC05,dallibandaw@de.vu
EHTP819767YUMEFP88,vscutcheonax@dropbox.com
KPYI589019OEPUNU12,jbangeray@timesonline.co.uk
CSHS887483VLHFUU08,arobbinsaz@feedburner.com
XYCL718372OONMRT25,ifincib0@seesaa.net
XFWJ360577QGOPDP80,vtomovicb1@howstuffworks.com
HNUF976489FCKRYU18,fjurcab2@flavors.me
BAMW913311GGVOOC23,cwylesb3@studiopress.com
JDXE829054NXBLFA85,kbalserb4@wordpress.com
DGIL281526CYSDLC11,apopworthb5@purevolume.com
LDSS152057WGJMHX08,ndorlingb6@ycombinator.com
NJMI790407QWBFZT96,ctaffarellob7@canalblog.com
IAIW032456TTWHED28,mrittelmeyerb8@addthis.com
KPYI589019OEPUNU12,dcordeletb9@google.ca
IKRL208546DUDUWO36,alittrickba@topsy.com
YARW841545KDDDAR95,reambb@soundcloud.com
PHYP613347DSACMW51,kpiersebc@mozilla.com
DGIL281526CYSDLC11,nniblobd@cdbaby.com
FVXD379837TGLQXX75,ttetleybe@bbc.co.uk
WGVV743872XDIZFP21,ctrunkfieldbf@amazonaws.com
JXIP536597XBVCGC85,bboeterbg@amazon.de
VCXI894408EFJVWH07,jbeartupbh@yandex.ru
GYMO304328FQCMNW19,larnelybi@dropbox.com
MJBT484129ZLHBBF80,amactrustriebj@posterous.com
IYBU110752SHANIV94,imcclearybk@tuttocitta.it
GRAD284258PWIQBG87,kbradockbl@tamu.edu
GXJK782147RUQBBJ19,mparminterbm@webnode.com
DAHH266652XKKHSO34,efreschibn@cnn.com
RHGR272850SATVBO61,ttailbybo@ft.com
PPDY400718BZXPPH27,jdevonportbp@rambler.ru
NXHB816307YBXILH25,gshilitonbq@github.io
GWNN821801XUURKP03,hsparlingbr@desdev.cn
DSQB471259NVETLK58,ksleanybs@google.co.jp
ZJCK861680IPDGPP42,rscempbt@discuz.net
PMMC499165SEJYWN54,rbarrybu@bravesites.com
RZHF974792UWTJGR03,cwilbrahambv@shinystat.com
WVUD634623XVXOBV64,rgreatexbw@issuu.com
YORA191487TEQNOL64,mprivettbx@usda.gov
NYJR445231OMSVDA36,emiettinenby@amazon.co.uk
YZOZ861403RGIAUZ59,tcleughbz@angelfire.com
KJAD296930TMWIEL34,jbooseyc0@delicious.com
LUVI602090DWZNAU15,cgreenstedc1@flavors.me
QJBP076706XSKGFK35,gfitzpatrickc2@joomla.org
ZFLS920962JZPFZM88,aodyvoiec3@cbsnews.com
AFYM001767DNYDUT99,mkubistac4@admin.ch
DRWG571818UBXLIC06,dbarksc5@biglobe.ne.jp
YSEC271726YPGGDB91,auzzellc6@google.co.jp
RLTV201751KVMIMT42,pduggenc7@sina.com.cn
RNOE072138IVIDNE89,eioannouc8@archive.org
CSHS887483VLHFUU08,rsalzburgerc9@ted.com
KSRO251155ILNHMW16,wcowanca@netvibes.com
HNML645864VSZZNV26,lregitzcb@about.com
IASS382268BJXEPV65,cmccookecc@soup.io
QACS825793IOVZFM61,eomarcd@twitpic.com
UINR801499XPWAGR87,mcaramusciace@w3.org
BNTL869752IIDXBY54,rpratoncf@prweb.com
XPJF875054KLKUQE21,ktoftcg@nifty.com
TBRZ041351ACGIXA03,cleebeterch@instagram.com
BQMN369042DJQVAE43,hgorseci@businessweek.com
RVTR152224KPCYPL14,cmacronaldcj@ycombinator.com
INYP781592XIPQAB22,mgrinvalck@ning.com
WFMP034982PYNOBI40,wawtoncl@biglobe.ne.jp
YSAV312367RZUIQM54,kcloughtoncm@phpbb.com
ODSN311022EMCZWV72,ekitchensidecn@indiegogo.com
CEXQ527954NEDUHU22,abantockco@imgur.com
LYNQ358544XVWFNP21,pgledhallcp@jiathis.com
QEXC370715ARRXOD36,dsygrovescq@ucoz.com
MMNR119519MDSSXZ37,bradkecr@google.co.jp
BYVV248717DHHCUJ93,dlegueycs@yellowpages.com
WJGE772208NJSDDM17,amoirct@last.fm
TROF885895RDDZIV58,rjeffreyscu@usda.gov
TZPL513792GOWIUP13,hbatallecv@businesswire.com
MENV407174VVLNFF43,kdavissoncw@github.com
DDRX556950UWWHXM56,hpriestlandcx@pen.io
GRAD284258PWIQBG87,thubbiscy@dedecms.com
TEAU804979WLOWTV77,slatehousecz@tiny.cc
DPQP667185JGLHLP86,jarndelld0@yellowbook.com
VLSN100216WZHKQU10,ofoand1@sfgate.com
BRHY428670SAUIBU90,fmonceyd2@sun.com
BVYJ080258CBPIZN47,ltuffieldd3@issuu.com
BNTL869752IIDXBY54,wjeaycockd4@ca.gov
WUMS557963PPVYSZ84,lantonopoulosd5@nature.com
TVZT194347HMJKGG55,cgilchristd6@twitter.com
UPDS567782CRQYZM84,ddenisyukd7@nationalgeographic.com
ERDX734115JVXVXF81,aandrysiakd8@guardian.co.uk
WIMW336391UWHIJP39,akirked9@nifty.com
NBNT707058AHBURA17,gmelvinda@cnet.com
VLSN100216WZHKQU10,glenormanddb@amazon.com
ZOPG894058WKUKPF20,bdarquedc@comsenz.com
GYKK869351IUSZOH34,skelddd@nifty.com
QFMB764028UTHFAG13,aphilpottsde@umich.edu
SELS240194CHOMCG50,mdunnettdf@cdc.gov
EGEV415223LFIFGB06,jfitzsymonsdg@comcast.net
LCPV927636DQRVCO90,holkowiczdh@wikispaces.com
EYQE403947WEPZDJ76,vgoughdi@yale.edu
CSAZ459334BGICVI44,svarahdj@thetimes.co.uk
ETOL969098ZUXLQL90,vmckanedk@java.com
MISV810789OJPUZM71,jstanierdl@netscape.com
WWRD553799GHVUWJ12,sdeeleydm@blogspot.com
OMET387290XSBXVN18,vkubecdn@clickbank.net
HRFI684116DTGUZG96,cinglesondo@usda.gov
VDKH183974HEVXUS90,icatheldp@mozilla.com
LYGE143317CQNTGO06,bburstowedq@cyberchimps.com
UFDF313142NSHSUM08,bnarupdr@wikispaces.com
ZCCZ642141KEXSJD11,ttynands@ameblo.jp
PSFF744499FQLFMP64,ipowersdt@japanpost.jp
TJIH014219HHZLLT08,cnucciidu@java.com
DPTN648580AEUXHO12,dtrittendv@slate.com
MISV810789OJPUZM71,rpantingdw@vk.com
XBCC157738DWLGXP47,fhalbearddx@prweb.com
VYOF569010KXZBGF13,amcclouddy@reuters.com
KYJL002199NTEMKE44,darlowdz@taobao.com
ADRR353200BAKIIQ51,jhurnelle0@alexa.com
BXVZ656560LERTAI53,tbenieshe1@freewebs.com
WELK676528JRWVJL44,kgamblee2@addthis.com
UDIG356374NGEDXW46,vgidleye3@goodreads.com
QDOB881775POVHGG61,fcoppense4@illinois.edu
MRQN124951OTKZOM78,tloadmane5@last.fm
FCUS149777OAAGWZ64,jmorrante6@blogs.com
DDHX611503WSFUSI36,jmcavincheye7@google.co.jp
VXXF026894NOPEBG74,cmateue8@nhs.uk
CVQG494045VXEHQM00,ccrawshawe9@dedecms.com
SFJJ119836IQUGCQ75,lluckwellea@example.com
YOHI711523VKGREO08,scalafateeb@g.co
OJTN183513WBWGSK08,wkiddleec@spiegel.de
DXAC020753RVULDS04,bpietrzyked@furl.net
OTBI325795EHZMRL72,abolamee@scribd.com
NOCQ713810LSCDZK85,khardieef@ezinearticles.com
XFXQ567034CTPDQP45,fromayneeg@freewebs.com
DQZE128104NCIFAD08,idunniomeh@yahoo.co.jp
JVYT563104PTVCYX64,rconfordei@liveinternet.ru
UUBS434037GUGZBZ21,hshukerej@lulu.com
LFHE720462LWZRMA08,dwhetnallek@delicious.com
SRAC843740OIRKKE70,wpogsonel@state.gov
STER440002UNCCHU09,sgodbyem@yahoo.com
CBVU445593XGSUPH28,obidwellen@cloudflare.com
UPDS567782CRQYZM84,dpearneo@comsenz.com
LSJB772970FUEZFV56,rclericoatesep@netlog.com
KHVQ664324HSNPSO03,ekingslandeq@army.mil
FDRF441541WTTVEK43,kwillcoxer@java.com
ONRK007035ZVFIDO30,aeickhoffes@xinhuanet.com
XOLJ568420QPMRZC36,sbrewettet@feedburner.com
CBDJ730366MVNAZR70,rpennellseu@virginia.edu
UCVF696192GVHYVQ04,covellev@prnewswire.com
UCYN283908GIBWXZ17,frockallew@livejournal.com
EIWO793920VLKKBF42,egilmourex@goo.gl
XSYP181318MVLRID70,ksavegeey@house.gov
PWYW300037YEPUXH86,hluckettez@engadget.com
BFJH734298XAHWHK17,sgilchristf0@yahoo.com
BUVP824722QSPRJZ22,mmullinf1@mtv.com
QBLN180821NSFLNI54,tbremnerf2@youtube.com
PWYW300037YEPUXH86,hgooderedf3@feedburner.com
XHQR869664YZPUSS15,evigarsf4@google.com.au
TDKC066987KBPCRQ25,lmathisonf5@wikispaces.com
QEXC370715ARRXOD36,dbinesteadf6@java.com
RDOI022667ZZBFXJ60,ksymsonf7@theatlantic.com
QFTI194933OQVEAX90,gdebenedittif8@elegantthemes.com
CVNQ202769IPHQOP10,molandaf9@reference.com
KLBR817673LDOVIH46,ebotefa@freewebs.com
EWWW755570RPKJCA40,bspawellfb@hexun.com
JEDX287919OSSQER89,rziehmsfc@wikispaces.com
KMUP353490EKLWBO69,ggrunwaldfd@netscape.com
DGBW874593UNAWVA18,ddaidfe@g.co
ZUNC717713ESINIH58,syitzhokff@cnet.com
RCDZ713284HSBLOA30,mclifftfg@loc.gov
SFZS149155EGSGGM96,ibrancafh@istockphoto.com
MJFL730088WDOXSQ11,mrodwayfi@nature.com
HTMN411425WDBXXI94,adecreuzefj@hibu.com
GNGC981556NJCMVK53,geynaudfk@cargocollective.com
YFJF734482MWECRR32,pcostefl@google.co.jp
CNPI080321AHCMPZ00,hgipsonfm@webs.com
ZEGK958719JUUHEB80,mnashefn@reuters.com
LUVI602090DWZNAU15,gmartyntsevfo@auda.org.au
UJQD605866HCKWYD40,nkleynermansfp@wikimedia.org
PITT253139WGPYCZ49,hkopmanfq@omniture.com
KKXU252679CUPMYG67,zjannequinfr@umich.edu
XEKO087755DWUQCR25,ralldreadfs@patch.com
JWXQ109171QFCEOU99,hdumphyft@fotki.com
JVJM645218GPWQLQ10,lfilonierefu@cdc.gov
WMGQ309074NOVOCO73,scobbingfv@prnewswire.com
AUMK072250XIZBAH91,adellcasafw@wp.com
IPGT813715PJNBIF39,apeiserfx@vinaora.com
DVKL547355APBBWP78,khabishawfy@altervista.org
OWLD385832DRFBKO03,mwhittleseefz@pen.io
UCYK021549APCHKM78,kbondleyg0@xrea.com
QSFF911436KCAMZW65,bholtg1@google.com.br
KMUP353490EKLWBO69,dpineg2@npr.org
BPOP067187HSSKUS51,ddottrellg3@google.com.hk
MKQT192463GCUVGP54,dbraniffg4@businessinsider.com
UCYK021549APCHKM78,hdavidsg5@jiathis.com
VZVF758209MKRNUV10,gmorradg6@spiegel.de
JNNU998426IUVGCS92,csamsonseng7@economist.com
AAOJ478641HQEIEE28,nborgnolg8@hatena.ne.jp
KQDB750643GCPWDO35,fmilmoeg9@answers.com
TPQJ817418YVXDEU40,ssigmundga@ox.ac.uk
HWUW674023WSCCTF98,ggillbeygb@answers.com
CMBI264181UCYEGI82,abourrelgc@geocities.jp
HLMO713806YOYZGF76,tweekegd@flavors.me
WKPB488841EIZNCU27,atruggiange@yellowpages.com
GYAL692371MKSYNJ58,gkunzelmanngf@google.pl
VHBS237457UHKNEQ07,sroskillygg@blogspot.com
JDCN928806DHWZCC91,lridgewellgh@cdc.gov
OXJE760909MFKYFO42,wlovewellgi@jalbum.net
OVLT371668MFSBXQ15,ktwitchettgj@canalblog.com
FECI164529BFRQHH82,gdubsgk@nbcnews.com
XRXG560043ALLBZV32,aplanksgl@cargocollective.com
PMMC499165SEJYWN54,lsivyergm@wikia.com
IZKX718716VHAMYU87,ablazekgn@ucsd.edu
ZUPT532374MUUEBA40,bbandeygo@slate.com
EGEV415223LFIFGB06,enorcliffgp@adobe.com
RHGR272850SATVBO61,gstroddergq@phoca.cz
ZTLI807807TQPCEB21,hondrousekgr@mashable.com
DQZE128104NCIFAD08,glagogs@omniture.com
CYSC446333YKBFMC79,ktzargt@sina.com.cn
OSJO989989ZOCTZZ19,jierlandgu@army.mil
GWNN821801XUURKP03,fbozworthgv@opera.com
UOJF359532FBLQUD52,adelacroixgw@nature.com
UTIZ189160WCBSAH45,sgianologx@cam.ac.uk
GSDW315586IFIRNC52,vrosenvassergy@usgs.gov
GDYT777454AXPIFK25,tnasebygz@networksolutions.com
DNAQ253016PTHCVV48,rdillonh0@tripadvisor.com
BMPR174221TVKYGS23,rmusselwhiteh1@chronoengine.com
LNVQ496291XVDHQB26,mwoollastonh2@squidoo.com
PIWO106354EINJUR81,eglasonh3@godaddy.com
RVFZ416599EDSRGF79,lkeppieh4@digg.com
RWTU558822VRZQKM65,gkilloranh5@privacy.gov.au
DQMF887250RBIBLU08,afowleh6@state.tx.us
FFXP674798SNVNJZ72,gbeavanh7@msu.edu
XOLS405428MYMGSP55,llemmanbieh8@mapy.cz
GMCJ306653NYBRHR56,bmackerelh9@nasa.gov
TDKC066987KBPCRQ25,nklussha@dell.com
HDWQ203007UOGCQM41,rstillerthb@last.fm
JHJE477036VPCJYJ20,hdowershc@soup.io
TEAU804979WLOWTV77,djimenohd@unc.edu
NCIP539401PIFSUV70,fverriourhe@goodreads.com
KMUP353490EKLWBO69,atrinerhf@comcast.net
JHJE477036VPCJYJ20,kmassardhg@vk.com
BSZU839003WMXDLH34,wmarslandhh@livejournal.com
FGTC317631DQNTEZ62,febenezerhi@chronoengine.com
YJHR234640FLJOOA29,rcollethj@nhs.uk
REJM665919UZGRAC52,hbeethamhk@e-recht24.de
JFGA569357KONTJA57,rwigsellhl@cdbaby.com
HQXR487886OCVCAS51,dwhitmanhm@sohu.com
UXYG085562NVNBRT67,lbezleyhn@wunderground.com
ROXP920459FZTZER58,rmcbreartyho@wikia.com
NWRY478290KQRBZG71,bkeenhp@whitehouse.gov
JNNU998426IUVGCS92,biskowitzhq@state.gov
RUMN898170WYYAXY37,eandrolettihr@devhub.com
DPQP667185JGLHLP86,cmugghs@360.cn
HMCJ934924QRMKTW37,straslerht@tripod.com
PVHS334811JEXNFZ44,jweatherburnhu@typepad.com
JDTF281362SGBSYT68,rmonginhv@bloglines.com
WWRD553799GHVUWJ12,squarrellhw@hibu.com
HRLP378167FOEEFI28,bdunsmorehx@cam.ac.uk
YICW106361OQFYFV00,anisbethy@vimeo.com
XMEB711464AVBZRN46,trainbirdhz@addthis.com
FUMM423588DMFCCI09,kfranzeli0@huffingtonpost.com
YUFQ375179ZSKERB41,bscholtei1@msn.com
RZYM944222PFXATN97,bbuncei2@histats.com
EDWW196096RTJVGL68,eclaessensi3@illinois.edu
UAWR779408CAZZHZ07,hcatheei4@unc.edu
DKUB023646XTJVTH99,sollingtoni5@cbc.ca
IGMH121830IVJUBT67,oaitchesoni6@google.de
EDVY007119UDYRYJ81,kpickworthi7@utexas.edu
PVHS334811JEXNFZ44,asharperi8@state.tx.us
UTKR410495DDTKCI57,hpomeroyi9@cnet.com
KTXR862617VXSOPZ61,amonksia@1und1.de
KQTK874811VEGWIS26,jdaniellotib@elegantthemes.com
SRAC843740OIRKKE70,ctrustramic@dailymail.co.uk
RSUS548248WHLKTC78,kaleksahkinid@nbcnews.com
ZYTQ446145WEATJY18,tlawtonie@issuu.com
XEKT797515UEJEDL22,vdenyukinif@g.co
EWWW755570RPKJCA40,pshevlanig@smugmug.com
JZBE909697OUORUZ37,shillumih@msn.com
XJSU821438ZXGKKW14,gflecknoeii@tumblr.com
TVOA812146NDKYUC95,mtresloveij@house.gov
PKQB727458HYMCZG21,cklimkovichik@elegantthemes.com
UNKQ444472ORUWAS59,rbradockil@dyndns.org
FLKK666927ZYRVLJ19,tstanlikeim@virginia.edu
SFJJ119836IQUGCQ75,mblampiedin@amazonaws.com
IASS382268BJXEPV65,ccarlanio@lycos.com
GUNS500729CNXOOM96,egorgenip@sphinn.com
ZBKI059099PGPZXZ12,jharrymaniq@homestead.com
HVFJ337691DZIFXS96,fwabyir@ebay.co.uk
IGIF019725ICOEPL30,ktidmarshis@skype.com
PMMC499165SEJYWN54,swykesit@godaddy.com
XKQO922235NRNWHE99,cromaniu@hostgator.com
MLZA623382YJLKXG85,jjannawayiv@about.me
AFJH952733HXCITM84,ptinaniw@nba.com
XLSN770773LSVGPF59,hmurisix@jiathis.com
UZEC551399XMFKWC93,adinniesiy@ustream.tv
DSQB471259NVETLK58,pbodeiz@posterous.com
KDEU889588SPNNHF64,cwharltonj0@mail.ru
POXG122017UIVUDU28,sdoggettj1@google.com.au
YNSB450136LCZFJZ90,znesbitj2@tuttocitta.it
HMOL751810CKQTWF15,proadnightj3@ibm.com
RNWF236231SNUKYQ04,ufairlemj4@last.fm
QMIW477199HUDARX23,mdangelij5@soundcloud.com
JNAK960776KYEOII50,thethronj6@yolasite.com
SGCG822734ZNLITO36,lhuxtonj7@yellowpages.com
UKKM520439UZPUFG10,jmacallesterj8@godaddy.com
RUQZ072706GUISHM51,ahullesj9@newyorker.com
BEJH125788XSESXI28,ssizeyja@cnn.com
TBRZ041351ACGIXA03,gcronejb@ifeng.com
BZNJ895514WMLEOO95,knunnsjc@hc360.com
CSAZ459334BGICVI44,jwitterickjd@mapquest.com
RUQZ072706GUISHM51,amccolleyje@cafepress.com
PRAV664913YWYJDI62,mwrightamjf@marketwatch.com
ZNRM037584UXCFWX94,kstilwelljg@icio.us
UMWC552809OLBRYW38,vtoopejh@dedecms.com
RJXP067912QXSLFR28,clushji@arstechnica.com
LSXI204929JDJXBM33,griseboroughjj@miibeian.gov.cn
VLSN100216WZHKQU10,nlescopjk@vimeo.com
OCJM101585QLJHEJ22,cnorthernjl@discovery.com
GVSI276460ENIROK50,ypreshousjm@omniture.com
HSKY203390QKBGSY59,ivinnicombejn@umich.edu
KOHL487942NKQDIX10,rfairholmejo@addtoany.com
DGQE539848CKNKYV27,rrudsdalejp@techcrunch.com
YORA191487TEQNOL64,mnorthleighjq@samsung.com
UGOY157902RXXYAE19,volahyjr@sakura.ne.jp
BSQZ930158GYTKRF40,ilivoirjs@spiegel.de
RMON662261ZSCSOF95,htaggertjt@bravesites.com
KKXU252679CUPMYG67,smouldju@oracle.com
VUHD190165IMZCQY21,tfenlonjv@gov.uk
WHJM130631QTRTZT37,lphippenjw@addtoany.com
FVYW464394JFTLKJ80,smattusovjx@mlb.com
MMKK464765PAJFKA86,lwhatlingjy@umn.edu
GVLZ177935NGIQIN17,kbaisonjz@unicef.org
JQQC625557BUMFNP83,ccristouk0@jugem.jp
BSQZ930158GYTKRF40,ajoysonk1@economist.com
KFDR085891ZGZDCC86,ydyottk2@github.com
FUMO700770MDOMRY56,cgrigoriscuk3@state.tx.us
HNUF976489FCKRYU18,ljalesk4@walmart.com
TROF885895RDDZIV58,gtomsuk5@symantec.com
GEED631752EFHGMY09,pduquesnayk6@networksolutions.com
UADK426446XRHDSR99,ldefrainek7@scribd.com
FVAV192769BYVWKJ89,emullinderk8@amazon.co.uk
TCTV281558ZXWRAS19,rpeddelk9@sun.com
FOND158041TLCRXJ68,aralestoneka@miibeian.gov.cn
GDLL185982MWVGQK65,ckinnochkb@discuz.net
PICV086144BRZEVE99,jemmotkc@blogtalkradio.com
CEFI535048GZLFET38,mskacekd@cnbc.com
KPYI589019OEPUNU12,gboulgerke@ezinearticles.com
BDGX011954FDSWJS21,mtonerkf@amazon.co.uk
OKSQ100842AKNPXH01,tferencekg@washingtonpost.com
RWTU558822VRZQKM65,dnewsomekh@purevolume.com
TDEF564522HQMDAK79,ebeartupki@google.ca
BQMN369042DJQVAE43,rloachekj@squidoo.com
CVQG494045VXEHQM00,epenhalurickkk@ca.gov
IJII503953NQYTDI93,tfullegarkl@imgur.com
WBLX847705NEYMXV72,joakeykm@buzzfeed.com
RRII347062YYYECJ22,rcridlonkn@ox.ac.uk
GNGC981556NJCMVK53,mrabatko@theguardian.com
XOLS405428MYMGSP55,rhamblingtonkp@alexa.com
TROF885895RDDZIV58,abloschkekq@washington.edu
KPYI589019OEPUNU12,ecantorkr@amazon.co.uk
SELS240194CHOMCG50,aclemonks@opensource.org
WVUD634623XVXOBV64,egibbkt@discovery.com
CWMD182964SLFAFH07,lbarrowsku@bizjournals.com
XMEB711464AVBZRN46,kfranceschiellikv@a8.net
ZGWT035912ZYOXEQ32,mmawfordkw@networksolutions.com
AXIF024453ACTXNG94,cedlestonekx@163.com
LYGE143317CQNTGO06,gburginky@arizona.edu
PDKV429657ONYUXZ35,lcaulierkz@hugedomains.com
ZNRM037584UXCFWX94,acalvardl0@hostgator.com
AAWW217548LHAHAB25,kluckeyl1@soundcloud.com
DGBW874593UNAWVA18,rparysownal2@canalblog.com
QEXC370715ARRXOD36,ksitwelll3@usnews.com
ONVG993237YAIXZD64,dmeddickl4@domainmarket.com
NGVF889314ROVUEZ50,lpatchingl5@ibm.com
ZGWT035912ZYOXEQ32,jakersl6@nba.com
CNPI080321AHCMPZ00,hsivewrightl7@squarespace.com
JBZU655294FLMDZM32,mginmanl8@slashdot.org
ODZQ768086PZEVYE51,tgravestonl9@mapquest.com
WWTV285433MBVZWC52,akarlowiczla@toplist.cz
ZKOB249268CMNCVH18,nschefflerlb@home.pl
JWZS061009TSFKPK58,lcelizlc@netlog.com
IZTR652479USGFWJ31,rhadgraftld@whitehouse.gov
CGHW024839AODVCA44,cobrianle@istockphoto.com
HVFJ337691DZIFXS96,galywenlf@newsvine.com
XDIE278888NXAWKH87,textillg@myspace.com
NXHB816307YBXILH25,schildrenslh@nyu.edu
GNUZ094312BFBYBD20,glambotinli@networkadvertising.org
XQTO633634FWCTCE68,wbenittilj@hibu.com
LUVI602090DWZNAU15,achauveylk@oracle.com
ABJN603509TJUMDS95,gcrimpell@eepurl.com
KOHL487942NKQDIX10,mheaneylm@netscape.com
LDAW195785XBUTJZ64,dnuzzettiln@globo.com
YHTN283263LMVIZV66,jsamsworthlo@deviantart.com
LRSY000371WVYZYB85,lgerardlp@paginegialle.it
JJEV904136SDKMJI76,ewakefieldlq@homestead.com
BUVP824722QSPRJZ22,zrangeleylr@jimdo.com
DSGD069153LEZNDO11,iabrahamssonls@unesco.org
FOND158041TLCRXJ68,afourmanlt@va.gov
QFTI194933OQVEAX90,mlapideslu@apple.com
SZXE089768XOYRGT26,mmccarronlv@berkeley.edu
SVUW479103IEVSBQ49,gstovelw@woothemes.com
BSZU839003WMXDLH34,lwannlx@51.la
DJWK105173BTYIOT31,fegelly@infoseek.co.jp
EIWO793920VLKKBF42,mguinnlz@jigsy.com
SKTJ319786EYJZJK62,dbenkom0@homestead.com
GYMO304328FQCMNW19,dambroginim1@businessinsider.com
QJBP076706XSKGFK35,aendacottm2@google.es
QDVD429679IQBYDZ44,bborrowm3@vinaora.com
OUAL025797BRGJGO64,abresnahanm4@who.int
BRHY428670SAUIBU90,sbahlsm5@godaddy.com
JVJM645218GPWQLQ10,gbrounfieldm6@reuters.com
YWWM475548NSQNFD77,rjindracekm7@slate.com
RJXP067912QXSLFR28,scoolahanm8@quantcast.com
RCDZ713284HSBLOA30,lleggottm9@earthlink.net
IPGT813715PJNBIF39,ntoffettoma@scribd.com
ADRR353200BAKIIQ51,mdurandmb@miitbeian.gov.cn
XPLK628978POWTQE18,edudbridgemc@intel.com
SGCG822734ZNLITO36,sabotsonmd@bloglines.com
YSLB639759TVFHCH40,hgouldieme@taobao.com
OXJE760909MFKYFO42,dbransdenmf@hostgator.com
AENL684941QOKPKA71,gdawleymg@de.vu
VTSK153466XJJUHP58,ehumblemh@mac.com
GEDJ663356HMKNWN03,eygoemi@xrea.com
KUOT935505XFDZDM18,lrhubottommj@addtoany.com
KPYI589019OEPUNU12,tcorderymk@godaddy.com
YTQE861189UKRRNY78,ctomsaml@tiny.cc
NSMW349083THLBHS58,dbernardomm@vkontakte.ru
OEHO409909TLYZFY49,imussillimn@smh.com.au
UUWL546269BAOQEU90,bbraniffmo@cloudflare.com
GDYT777454AXPIFK25,bmetzigmp@msn.com
ZMKT478443XRKBKR24,mbeastonmq@vinaora.com
KPDE946399ALFISF81,igrimwadmr@japanpost.jp
EDWW196096RTJVGL68,wbolensms@ezinearticles.com
HMOL751810CKQTWF15,tridoutmt@ocn.ne.jp
KQTK874811VEGWIS26,wlezemoremu@mac.com
OCJM101585QLJHEJ22,jyanshinovmv@goodreads.com
BEJH125788XSESXI28,rfurmedgemw@abc.net.au
EWXJ504071CAFACM90,lwoolfordemx@illinois.edu
HDWQ203007UOGCQM41,iquyemy@time.com
CGHW024839AODVCA44,lchaplingmz@microsoft.com
JLOO018191TERFGH74,skingettn0@constantcontact.com
HLMO713806YOYZGF76,bprestedgen1@is.gd
HJXI226097CKMPNP92,mtriponn2@go.com
SBGK396470ZDCVSE20,ldragonn3@house.gov
JJEV904136SDKMJI76,rchantrelln4@nbcnews.com
WYMN412328MPFXQG08,dbaynhamn5@163.com
NFPY515540LDKPYH75,lodcroftn6@amazon.com
DQMF887250RBIBLU08,gdoultonn7@slate.com
DAHH266652XKKHSO34,ssabenn8@sohu.com
HXYZ940493BPTCHZ04,fpenleyn9@admin.ch
DGBW874593UNAWVA18,amogridgena@netvibes.com
BWRR128945WWVHJE19,tgroomenb@oracle.com
BXVZ656560LERTAI53,kdiclaudionc@eventbrite.com
JUEB848973OJGUJP78,dlavensnd@lulu.com
PCZD527086QOKVEP25,bfahyne@arstechnica.com
LAUI217191KSNJUB66,jneadsnf@wp.com
UCVF696192GVHYVQ04,rlanferng@linkedin.com
KODD547112ZFCBOZ27,mcreesnh@1688.com
OTPT642674DIXNUG31,jferrinini@marriott.com
CFKD564201RHSWSS09,thurleynj@sohu.com
JMFT780170JEDGBY23,marisnk@twitpic.com
AABT715391KLLBNB10,mlanahannl@opensource.org
GJDK696064OMPCUU28,nmccritchienm@phpbb.com
LSXI204929JDJXBM33,ccotterrillnn@last.fm
ADMO222873GXBBSH00,cbyreno@purevolume.com
NIQJ367285TXXCHI08,gbinnellnp@usgs.gov
KSRO251155ILNHMW16,dbarwisenq@bloglovin.com
OZJK327310JMSXDH34,egergusnr@e-recht24.de
DQZE128104NCIFAD08,jdubarryns@cisco.com
OFFU612187GABBTN51,ewartonnt@google.ru
XBGX616489ETOXVX85,tlowdwellnu@domainmarket.com
RNOE072138IVIDNE89,grudenv@1688.com
SELS240194CHOMCG50,rhellikernw@un.org
JEDX287919OSSQER89,ekeelernx@artisteer.com
ARYQ517840XXCYLT37,cduferny@craigslist.org
UCYK021549APCHKM78,drodernz@independent.co.uk
CBZG313066CNXMZE95,akochero0@scientificamerican.com
XEIP644635NHUWUI77,kpavlitscheko1@linkedin.com
JUEB848973OJGUJP78,ctaphouseo2@berkeley.edu
RMON662261ZSCSOF95,acouseno3@taobao.com
QXGN666252FMAAKO50,dskalao4@unc.edu
QYBA132892NOURSK76,bjewello5@army.mil
UMWC552809OLBRYW38,scathenodo6@cornell.edu
QFOW220555OAHGLR69,zkezoro7@pbs.org
YFJF734482MWECRR32,rtilburyo8@tinyurl.com
HHVA189316RKOROD74,llaugiero9@walmart.com
RVFZ416599EDSRGF79,vviolletoa@ovh.net
HGSG112349HXHCIR22,ejacobsenob@lulu.com
AWED266293YYPJJV52,vgandeyoc@list-manage.com
FGTC317631DQNTEZ62,dcoltartod@com.com
MDJY337642UKSZRB78,truddimanoe@naver.com
BXVZ656560LERTAI53,tshoemarkof@seesaa.net
BHHO439409DENVUW52,gjeffcoatog@netlog.com
VTSK153466XJJUHP58,temettoh@meetup.com
YSEC271726YPGGDB91,apuzeyoi@google.com.hk
YKEX312744TVWFXM95,gjudenoj@mashable.com
HHVA189316RKOROD74,sgettenok@gnu.org
FCAC722533MBSSKM05,abraddenol@umich.edu
VHBS237457UHKNEQ07,etapsellom@buzzfeed.com
FGTQ803425ITVXYB37,rperoon@zdnet.com
IWSE614798WWDFGA07,mdecourcyoo@blinklist.com
DKUB023646XTJVTH99,pconachyop@macromedia.com
WXJH743124RXLMQF03,vdimontoq@drupal.org
XFXQ567034CTPDQP45,hlittlejohnor@pen.io
EQNA038377WMYDYF51,egullyesos@dot.gov
GQIX203482FPZYMV49,mpretselot@elegantthemes.com
QDVD429679IQBYDZ44,jstaceou@disqus.com
CUXP944880HQFPQK24,kwilflingov@myspace.com
VHBS237457UHKNEQ07,ldawkesow@hubpages.com
KTVT102380VZYFSH13,srosenwaldox@github.io
ILGM835173FXPRUO47,gferrisoy@amazon.de
HQBI319273HKOSWA81,gweakleyoz@sciencedirect.com
IASS382268BJXEPV65,jrelfp0@walmart.com
QKYT023180UNWIXQ69,cbalwinp1@google.com.hk
BZNJ895514WMLEOO95,mmallisonp2@jugem.jp
MBZQ934684RVNFFR98,adyep3@narod.ru
VFJW759071WUAIIQ26,rmittenp4@bizjournals.com
VDKH183974HEVXUS90,kpiggenp5@eventbrite.com
ZFLS920962JZPFZM88,mtearnyp6@si.edu
CGJX849534MHTEHH40,bberrymanp7@tmall.com
JCEI225149QUZJFC70,tsutherbyp8@flickr.com
OTPT642674DIXNUG31,miacabuccip9@csmonitor.com
YMPH344056TLFHSJ33,mmynettpa@stanford.edu
BMPR174221TVKYGS23,cvarrenpb@domainmarket.com
SBGK396470ZDCVSE20,ailettpc@clickbank.net
BCTQ239836WDUMKJ53,cbegginpd@google.co.uk
KEUM875769IIQRTL22,nfogelpe@woothemes.com
YZEV489551HXNUVY11,swhiskerdpf@chron.com
RRDU867521QAKTNX61,fjeffcoatpg@mozilla.com
YARW841545KDDDAR95,jtretterph@deviantart.com
ZLKA348343NNLUWL31,lloguepi@alibaba.com
WPQR848348ROONAG04,dburtonshawpj@blinklist.com
WPFN853593THRPDJ35,fmathwenpk@paginegialle.it
ICLD835104QLKQUR72,lbogaertpl@360.cn
BRHY428670SAUIBU90,pdatepm@4shared.com
ZUNC717713ESINIH58,vgeavenypn@wikimedia.org
TQVS095527ZKOIPK51,wgillbepo@gov.uk
XEKO087755DWUQCR25,challeypp@stumbleupon.com
NIQJ367285TXXCHI08,dgrastyepq@1688.com
ZYTQ446145WEATJY18,aavramovichpr@histats.com
ONVG993237YAIXZD64,tstillmannps@google.com.br
CZLD348885GMTMCO32,rcaskiept@nationalgeographic.com
PKHG680623IOGUYQ72,dbrosolipu@zdnet.com
KQMD182840FXXAHJ32,cwoollcottpv@alibaba.com
XDIE278888NXAWKH87,sbohmanpw@angelfire.com
LYDR463658TYEATZ57,maitkenheadpx@gmpg.org
ZEZL833958SGSHJU86,konearypy@patch.com
EFAM904951MJWATY15,bloaldaypz@wp.com
BIDP952583RJVJVO76,hbentinckq0@un.org
AZAT689844KSOHFJ63,jsedgwickq1@netvibes.com
ELKX558028LCJHWV15,ywhatmanq2@oracle.com
JBZU655294FLMDZM32,gbrandomq3@vistaprint.com
EQNA038377WMYDYF51,jjacsonq4@icq.com
RMON662261ZSCSOF95,gronanq5@tripod.com
QBLN180821NSFLNI54,jpotesq6@360.cn
AWED266293YYPJJV52,vpinareq7@cbc.ca
QDOB881775POVHGG61,llyttleq8@yandex.ru
LNVQ496291XVDHQB26,rclaibournq9@hugedomains.com
DYIA180022EUBSOU57,cpachtqa@cpanel.net
KQWP008757XDXCAN63,dhudspethqb@usa.gov
TURR278304GLLQKU30,mmiddlebrookqc@wiley.com
KQWP008757XDXCAN63,vblodgqd@squarespace.com
XWTB648112MLQOIF46,adashqe@cafepress.com
CVNQ202769IPHQOP10,mwetheredqf@constantcontact.com
EIWO793920VLKKBF42,mtumilityqg@arstechnica.com
FVIJ281621FVLHUO52,pmerseyqh@dropbox.com
DSGD069153LEZNDO11,araggittqi@51.la
MGCS166192WWCSCY97,rhazlegroveqj@accuweather.com
QMIW477199HUDARX23,ktatteshallqk@t.co
TTQX392209USPWIL68,triseboroughql@sciencedirect.com
QPEC942814AUNVEB38,ldroghanqm@fda.gov
UTKR410495DDTKCI57,gmorrillqn@whitehouse.gov
EIEY419904RAECLJ66,mmasseoqo@berkeley.edu
OOQQ730062SWQQEF49,kwilliscroftqp@wikia.com
VLSN100216WZHKQU10,tlandsburyqq@twitter.com
DKMJ925497JKLMOV49,ltidburyqr@linkedin.com
VOVA624568NDRABR58,ctevlinqs@indiegogo.com
ZDTC039843EQDZGT88,psynnotqt@bandcamp.com
HKZX466101YKDUOY29,kstancliffequ@shinystat.com
IQUH419955PLGBMQ46,eiaduccelliqv@nba.com
MLZA623382YJLKXG85,wgodbyqw@instagram.com
JQQC625557BUMFNP83,rcuttellqx@barnesandnoble.com
QDVD429679IQBYDZ44,avasyunichevqy@hao123.com
RAVH788894DBNQTK67,ntodariniqz@hud.gov
TVZT194347HMJKGG55,mjennerr0@myspace.com
LSXI204929JDJXBM33,lwaggettr1@yahoo.co.jp
NSMW349083THLBHS58,ckuschker2@symantec.com
NNSN990800WDHIJS01,jspittler3@printfriendly.com
BOYX402009KPZGDA82,ngeavesr4@51.la
HXBF891890UCKGWV14,hgiler5@webs.com
BPOP067187HSSKUS51,dkleinsmuntzr6@tripod.com
VFOO237796YKXJCQ84,fmacdougalr7@ucsd.edu
ZGWT035912ZYOXEQ32,fdartanr8@forbes.com
IASS382268BJXEPV65,fbuscherr9@odnoklassniki.ru
BNTL869752IIDXBY54,pcraxfordra@disqus.com
EINF485909NXQGJZ33,chuddrb@studiopress.com
CRHL138760BBTFXX83,charyngtonrc@reddit.com
LRTT483411OGOOYH23,fcaddellrd@netvibes.com
YMPH344056TLFHSJ33,aedwardsonre@blogger.com
PKDG598423RMEYHP13,ptanserrf@ft.com
STKC736360RHXAHA57,oborrillrg@wikia.com
RRDU867521QAKTNX61,lperellorh@epa.gov
TBSC864946PKLOTP00,dcaudreyri@w3.org
ZFLS920962JZPFZM88,sklimarj@nsw.gov.au
IORH176823KYIDNM94,saskeyrk@globo.com
BYZZ749423ZAJDZB06,bfearnsidesrl@springer.com
IFBP287325FNTDBL66,jgroutrm@constantcontact.com
XGXW888783VBZGBJ51,sbengallrn@bravesites.com
YHYC139887NFCOGQ14,jalyukinro@livejournal.com
JFGA569357KONTJA57,dcureerp@1688.com
ARYQ517840XXCYLT37,cevansonrq@gmpg.org
GWAW396177HOAVFA18,cprantonirr@mozilla.org
