curpencargado,correo
PGUY439384LVNGTN46,mskatcher0@wp.com
NQCO204916EEHWWN88,cgiannasi1@prnewswire.com
VMJR007638FOXCTL17,vfrancescuzzi2@hp.com
DSEZ715734OQASAI90,cjoriot3@123-reg.co.uk
XGYX436609YNBTQR18,waxcell4@t.co
WFRL955437DXHEZY32,hbubbear5@parallels.com
BZAP403210NREJDF73,scarlesi6@g.co
GEEE918280HTAQFM60,kredmell7@gnu.org
PCXN934255RTKXNS77,hbutland8@cornell.edu
UPFM067464JYDQTA17,mthebe9@booking.com
WMPF988130IFKUGT88,rshervila@gnu.org
URCW027149EKVTYX56,ddcruzeb@umn.edu
ZXHN802581GPWCUO47,bskurrayc@nasa.gov
PXQC055497ODXNNK82,lwhittenburyd@networkadvertising.org
CZZG229455LFYMQO14,mtomblingse@stanford.edu
PWKC339761NNDGMD33,dsherwenf@alexa.com
NDZW187993GXCFZN49,wmainstong@globo.com
XOIB246482LZSFYU64,rdomonih@qq.com
SKVM936196PEYMXH00,dstansburyi@sakura.ne.jp
LSXX901550YBABGL44,sattenbarrowj@dagondesign.com
NTMC669176AWVYSK40,kdawnayk@reference.com
XFDH581455ROPBEF38,narentsl@bing.com
RHPM629630BVQCYQ49,sandreasm@vistaprint.com
RHPL036730ISCXQL60,bblownen@google.es
XRJK383800KBJPTB41,vhawleyo@1688.com
AJTA235049LTJEEJ11,jbettenayp@over-blog.com
MPTG373052STDYWS22,ngwinnelq@google.ru
CTDT420986XDMAFE64,ohuckfieldr@lycos.com
XFDT367163GREVZB83,rcoselys@sitemeter.com
OYQC252636PYUVCS79,wledwidget@cyberchimps.com
WHZN876157XSHRZY06,kccominiu@globo.com
CZGG930586CPEQTN48,chevnerv@amazon.com
JCDV585901EGXTIM72,kmccarlyw@gov.uk
BMOC785621PQFKYL90,wgozzardx@dailymotion.com
APZV429131ZPUTEI98,hjosty@psu.edu
IRMW706696XFONQO38,hbartolomieuz@netlog.com
GJLN178493WWHMPB60,dbelly10@cpanel.net
QWRP096558MSICED91,sheifer11@altervista.org
YVCL721165AOXCJB38,hlukes12@surveymonkey.com
AJQV742704NAUHLE99,rfrye13@friendfeed.com
EYOR655353MEUNVG61,fboone14@desdev.cn
PKWC560367KFZBWV16,gwoffinden15@bing.com
OYHZ827728EWCIXC60,ctrouel16@pagesperso-orange.fr
COQT421156TKOXEL75,bbilbie17@deliciousdays.com
VXPN612363YVXPNN05,bstriker18@who.int
CLYR806728LIFJXK33,druscoe19@nature.com
BZAP403210NREJDF73,nnolin1a@ucla.edu
HQVA551248KJBVMH79,ccroce1b@123-reg.co.uk
RQDH511969GBSUWY03,ispearing1c@addthis.com
QAAE887724TGZHHA20,bheam1d@themeforest.net
BDHE106557ZBCYJD69,edanielut1e@ustream.tv
JCDV585901EGXTIM72,tattersoll1f@ameblo.jp
JXTP380309KNCCGP40,ewynter1g@prlog.org
NYHB569776LEGKTL54,rtoovey1h@csmonitor.com
VAKQ767474EUDRAP27,venoch1i@toplist.cz
LYXA168756CGTTFK44,mkieff1j@taobao.com
HFRZ317173HRNBRG16,kthackray1k@etsy.com
MULG975545SCRFTA01,aharlick1l@is.gd
HLFV188748LRENGL72,lbarbary1m@theatlantic.com
ALEW332987CSMQKJ39,keasman1n@trellian.com
IRMW706696XFONQO38,rbosdet1o@goo.gl
RDRY138301DCCKIZ53,slilywhite1p@alibaba.com
UQKG892615YFSJQT06,gplevin1q@rakuten.co.jp
INHD474385QAMKBZ52,kturney1r@jiathis.com
FPIX208159PZLPDZ63,evanetti1s@digg.com
YLVS765368XJWKOR03,eharpham1t@oracle.com
VXOU892048OAVPXI41,lambroz1u@seesaa.net
ZALM711896QLSGKT87,reddolls1v@hc360.com
BZAP403210NREJDF73,wkinder1w@icio.us
BWQV495677DAZURH61,jedgars1x@tamu.edu
CZJN033912TZEBPN19,fryman1y@canalblog.com
RGTF167851ELDLMD77,akerrich1z@yolasite.com
ZDJA265089TCJYBP68,jmcgiff20@addthis.com
PYBI208745EVYAKX30,kdunne21@macromedia.com
EKAJ306072KFDHRK66,fmoorton22@wufoo.com
UYJI933706ULYSQN70,omarrill23@ca.gov
AJDS248951NFYFLB87,acosin24@symantec.com
GURI407272WBREOG39,bkleisel25@gravatar.com
DELE298022PVBBDZ16,fgilhooly26@last.fm
STBA000512HVNJGA20,hmacallen27@noaa.gov
OPWJ739629FFSDQS37,dhuffadine28@prnewswire.com
YFKN589370ATLRRP85,fmott29@bandcamp.com
KWVA163650MSTCBP73,tcattermull2a@prweb.com
YUOK520222CFPSKT91,gsim2b@cloudflare.com
RDRY138301DCCKIZ53,skalinsky2c@bigcartel.com
LGIE651224CWBUYK72,pmccready2d@ocn.ne.jp
NDUT890230VYCWCG92,cboothebie2e@hatena.ne.jp
QVTR979150UBMRGR01,cgemlbett2f@livejournal.com
XSWV575489LCHVHE24,cragot2g@disqus.com
UKEX207557QVLJQJ26,mvalenti2h@dedecms.com
GSAU030944JEHHJV62,phebbard2i@webs.com
STBA000512HVNJGA20,lwoodnutt2j@rambler.ru
DJQW657957KQHXEA42,rgaishson2k@csmonitor.com
TFCR163405QKMSUY05,khambridge2l@goo.ne.jp
CWZV019468VTPMKF29,cmurrthum2m@msn.com
SRNZ428041WGUOVM20,kcatlette2n@cbslocal.com
RGOK766237EGMXAQ99,wrau2o@ycombinator.com
AJDS248951NFYFLB87,ofishburn2p@google.cn
NINK470419WIVPDF74,rwyllcock2q@vinaora.com
MESP308454AYREIE16,ecapper2r@prweb.com
BZAP403210NREJDF73,vrender2s@oracle.com
BVIB907721WTLSNI29,tshimmings2t@salon.com
HFRZ317173HRNBRG16,jgray2u@ask.com
ZFGK896309MWVPOC40,rlaurent2v@adobe.com
XCDM628459EXGTQT30,vfawks2w@desdev.cn
YESR228015HOUXXV02,mdrieu2x@github.com
WLFJ667179HCNBNH88,arosier2y@prnewswire.com
LYXA168756CGTTFK44,konoulane2z@wordpress.com
JQKO159481HBCPYM29,mlongfellow30@ow.ly
BMEJ333617LPQPPQ59,hbalogun31@elegantthemes.com
KIML805336FDGDRE10,wcroysdale32@macromedia.com
KPRQ559195LJTQKV13,bstolberger33@ovh.net
WUNN182291PUQXVR31,tdelle34@sbwire.com
GSQH324934YVCBSJ78,jfouracre35@webnode.com
NINK470419WIVPDF74,mdeek36@phoca.cz
JKFT663251NXMPGA01,lwalling37@t-online.de
IHIT968525BPCEOA12,sastill38@businessinsider.com
JSUS365248KDRLNH38,eisson39@irs.gov
WZHJ505875VKJWXW32,eturneux3a@reuters.com
NNVU470773CLBHJX28,jferron3b@who.int
LHOV213873SNAURU62,rkitto3c@xing.com
RBGY302722ECAYHF12,lsheals3d@bigcartel.com
MWAP731185ZJCJKB45,etugwell3e@gov.uk
XLXH225854DENPJC39,splak3f@miibeian.gov.cn
QMJT649352VPJLVB22,vfleeman3g@weibo.com
BZAP403210NREJDF73,mdeny3h@shareasale.com
RBGY302722ECAYHF12,rwareham3i@unblog.fr
TFCR163405QKMSUY05,owyett3j@berkeley.edu
WEAD415557OYZNOC11,rdonisi3k@jigsy.com
BEDR929584XBNDRL89,smacshirie3l@w3.org
IIYF989130SDBKJO71,paingel3m@si.edu
UIWI252397LCQTHY56,hcarbert3n@mediafire.com
KRXD347498LUZDGB56,ehabden3o@tmall.com
TDSF196974LTCSKQ48,bpaffot3p@macromedia.com
EYTK392373BZUFSC22,llippatt3q@harvard.edu
ODZA215880QVTLWW08,rkayzer3r@ow.ly
BDUZ754626UARCXX89,ssigge3s@about.me
LTPD986803TVWXGZ09,sshuttlewood3t@w3.org
GOAF607127IVFICT74,nmcgenis3u@sitemeter.com
ATWF157004QIZYCD99,rjanikowski3v@aboutads.info
HVJJ704775UJVEUW70,mmattson3w@parallels.com
EHOJ931745YMVARB38,joshea3x@storify.com
LGKK515939UAEUZM82,ssendley3y@cnbc.com
DSCI031048YPOOWF59,mbaccus3z@un.org
BMOC785621PQFKYL90,mmcgow40@etsy.com
VGIB021479YJJFAA92,cstickel41@surveymonkey.com
QNPT195784DPOWWJ99,vcoogan42@hibu.com
MDRH652228CEPAFD92,qdablin43@cbc.ca
FUAZ823200TUGIWG24,svlahos44@domainmarket.com
ZYGR906623CAAOTF77,lmontgomery45@goo.gl
FSMH155195AOPZNX33,tnielson46@yelp.com
NINK470419WIVPDF74,ldunbobbin47@smh.com.au
AERZ753048EWHDHP11,bcubin48@census.gov
NYHB569776LEGKTL54,mducket49@sciencedirect.com
CKMH817390CQAREA15,emarlin4a@phoca.cz
JJPU672968YQDHND07,frickarsey4b@pinterest.com
KZYM127409CWEUBL12,sraymont4c@harvard.edu
YHYT559036YHLCBE35,sbenedettini4d@jigsy.com
NPJM082632CUKONI04,ffrangleton4e@cbslocal.com
IIIZ753336GNYCDQ56,achesher4f@ifeng.com
QTXP485077DHVRJN66,dpomery4g@360.cn
TQLI372543AXKJOH25,rbrigginshaw4h@live.com
ZFMF105343MLJKZM91,wrobroe4i@meetup.com
RMZV561328NAJPSV89,hfoulks4j@chron.com
MQXG396205FLSDUJ42,afiltness4k@wikispaces.com
EXYM917705YFAMZD24,rrenon4l@cam.ac.uk
SVAX274334ZKGQQQ86,asharpin4m@stanford.edu
LNAJ304124EQUHDB39,cmcdougal4n@imdb.com
MWHN315666ELFUKS25,flowten4o@phoca.cz
ENWH828981ZMHZRP83,fmcandrew4p@si.edu
TECV979106LBWYDG83,ewackett4q@toplist.cz
ALOB609661HKEROZ24,egallant4r@storify.com
WUMC926096DQRVJU12,kchristou4s@blinklist.com
OLRW806925BPNRYT35,bsmieton4t@sbwire.com
IEOE731999NUIELH37,wmacklam4u@loc.gov
AYNO608292PZLIYR64,evanelli4v@hhs.gov
VXCF446938UBSWFD56,vfidge4w@mtv.com
BZCY706442WJNVPD55,kdory4x@yale.edu
PKWF001334KWAYVB69,rogeaney4y@furl.net
AVLQ079467GNVRYD03,hchamperlen4z@simplemachines.org
BKJK830655VGJLCS11,bdudenie50@fotki.com
ZDJA265089TCJYBP68,gmotto51@tiny.cc
ACMI475324YHLWAE14,ebrackpool52@newsvine.com
QJEP890118ZNRUTC94,briseborough53@hatena.ne.jp
WYZK952193CSETTN34,flourenco54@yellowbook.com
ITQL418709DTWHCS99,emerigon55@disqus.com
BOJO548846WQHQDF69,vpryor56@hostgator.com
EGHS485760NTIJQG83,ktoulch57@godaddy.com
YOQX628718SNWSDE68,emoulsdale58@cdbaby.com
SNUK565169RXMBWI76,jorwell59@usgs.gov
HAXE238093SOKCYD71,jpie5a@people.com.cn
ENWH828981ZMHZRP83,gkinder5b@surveymonkey.com
RWXA183504QETOMN42,frosser5c@is.gd
MSRC196965ENGOJY06,jderby5d@upenn.edu
AJQV742704NAUHLE99,kantonchik5e@yolasite.com
URXZ231857TRRAPW51,rpetrashkov5f@odnoklassniki.ru
IHIT968525BPCEOA12,kinkpen5g@oakley.com
EMJA489376OFCKEB87,hocrigan5h@sourceforge.net
LJRT347189YNIIWP16,bwood5i@arizona.edu
IHIT968525BPCEOA12,ldouch5j@comsenz.com
FUAZ823200TUGIWG24,screenan5k@hugedomains.com
BQLL823626BHZFQC98,wboobyer5l@timesonline.co.uk
SLYY008361RETOOI04,ghaimes5m@vkontakte.ru
CYVU212640GJCYBJ20,wmolen5n@cdbaby.com
KPRQ559195LJTQKV13,hkreutzer5o@xrea.com
RQHE550883VJXLFR51,smacalinden5p@last.fm
ZFMF105343MLJKZM91,kcarling5q@uol.com.br
DLUW845284RDBEMQ16,nsieve5r@nymag.com
CONG535075CBIBYL35,myelland5s@shinystat.com
HZAV788295EHFOQR10,monn5t@drupal.org
CZZG229455LFYMQO14,arushbury5u@npr.org
POGT898631QNKTWC95,gunstead5v@google.com
THFU698056OXTXAL92,araund5w@wordpress.com
JTYB658587LWATBQ23,bromayn5x@yale.edu
FSMH155195AOPZNX33,bhurdedge5y@globo.com
WEAD415557OYZNOC11,cbouts5z@ed.gov
NMMH915610KHHUQH22,dboeter60@nps.gov
CCYA387770PUTVEE93,hmacneice61@eepurl.com
TBWB996041PBVSEB71,jhuggon62@examiner.com
QGNM630359JVSDUP00,mheigold63@i2i.jp
ZAKU379501AZCXDH45,gsilk64@4shared.com
IWVF575907VBSNPN78,ofysh65@bbc.co.uk
UAEO095311LSRKEV80,fdrydale66@theguardian.com
VWQM254637LOSAWD68,lmacmaster67@phoca.cz
CEZW644058JQZSIV11,bfairbrother68@arstechnica.com
OTNQ555950MLYWXB46,vbillie69@ifeng.com
HARR452950THNRWP70,soylett6a@wikipedia.org
FEES341699NPHMHB33,uoronan6b@fda.gov
CSYM303115BIEBLE58,cofaherty6c@mayoclinic.com
HKWJ070198CNNHKL61,pscourfield6d@latimes.com
WUEU231697TVSSAZ18,rmassen6e@mashable.com
TZTK575141FWTIHM59,lnore6f@blinklist.com
VSUN118147IYJBWL52,gloreit6g@ning.com
NMMH915610KHHUQH22,fsharvill6h@hostgator.com
CCYA387770PUTVEE93,cbaiss6i@un.org
ODZA215880QVTLWW08,kstanlike6j@bandcamp.com
FVXX685232YOLUEL84,adeegan6k@canalblog.com
QFHE739798LSYBXV27,wobispo6l@t-online.de
CCXT886264FSBYFN71,charnor6m@qq.com
PRDM332861JXGFDC21,ddeverose6n@ucsd.edu
FDEL409041GGTBPF63,fworrall6o@booking.com
BDUZ754626UARCXX89,smosson6p@nasa.gov
TEUY129548VFWRRN84,nnurden6q@g.co
PVLM788059UMHHQG40,nconws6r@umn.edu
WYZK952193CSETTN34,fbull6s@disqus.com
DUYN694761HIBRQP23,thousin6t@timesonline.co.uk
JXTP380309KNCCGP40,eghilardi6u@narod.ru
HJXC340825DCJCKT85,fschirak6v@cpanel.net
TXDV723831ZJBLIJ79,kropcke6w@nhs.uk
FCNV177024LUPBWP92,etolfrey6x@elegantthemes.com
RMZE651801HFWPVF39,epersitt6y@odnoklassniki.ru
AASV450655ENZWLZ54,tmoralis6z@google.ru
GWNB628315BDKNAA12,tjindacek70@google.com.hk
IUVK859252NYGLNA38,pleere71@time.com
MDJI917348VBOYZL87,gstorks72@reference.com
ZALM711896QLSGKT87,jfrancescozzi73@imageshack.us
JGPA831020GOTJGC94,dmcinally74@nps.gov
FVOC734911HYWRIQ02,bgrassot75@flavors.me
QFPR216792VIGVEW73,jpietri76@123-reg.co.uk
RURN374775IGTZKB98,balanbrooke77@google.pl
NGTY016258CGESSL07,mdrivers78@ning.com
CWCC823477BFRKVS93,rminogue79@nasa.gov
TFFC833548LIBEUP87,fanthona7a@goo.gl
AOQQ790975HSWESJ19,cratray7b@elpais.com
FIPX247114MJRXHT76,gjiru7c@salon.com
ZWWX165162JZNJQB00,glavigne7d@mapy.cz
UGDT520717KMIJWR42,aharrow7e@merriam-webster.com
CKBR667040HLCYLN23,mshalliker7f@toplist.cz
XKTA508817WEWZIX80,dwhyborne7g@geocities.com
UKJD162903BZMJHG07,mstuttard7h@weibo.com
KKZY423716HPXCWU51,ahoundesome7i@goo.gl
VSDU461917OSTRXX41,tbatting7j@smugmug.com
SGCF906944ZBZEFF01,gtyt7k@usgs.gov
OYHZ827728EWCIXC60,xpeaddie7l@marketwatch.com
VSUN118147IYJBWL52,lbarsam7m@chicagotribune.com
CBBI909540AIXCJC55,hpridden7n@goodreads.com
NDZW187993GXCFZN49,bborrows7o@rediff.com
PAGE073512KPNEAW32,cpalumbo7p@oracle.com
CEZW644058JQZSIV11,vcattlemull7q@ibm.com
THRA951051ETNPPX71,gfiltness7r@joomla.org
TMKK738629VXKYUK60,rhathaway7s@bizjournals.com
XDSG418528BIEKNQ52,wwhatford7t@list-manage.com
OVZI303536PGNRPF36,dtwiname7u@angelfire.com
TXCR193911QCSSWP88,mnock7v@sphinn.com
BHKL587967EUFBKT47,njon7w@soup.io
AJYC603975SLAFJH71,omccaffrey7x@cisco.com
ZLXA910380KUABJI28,hkellogg7y@accuweather.com
WVFW271005KOVVKT36,nstrike7z@i2i.jp
NNKL249968EARYSD05,csnookes80@163.com
HARR452950THNRWP70,sgilbee81@dyndns.org
QJEP890118ZNRUTC94,skinavan82@nationalgeographic.com
XXPN263841WTPDAD75,dgoudard83@chronoengine.com
IJMZ155308JCXVWH95,despinola84@tinyurl.com
HFII024823UATSNV62,bstanley85@bloomberg.com
OOUQ335666CNYNAN11,mgrigsby86@exblog.jp
RMZE651801HFWPVF39,hsoftley87@yale.edu
WIMR545741IIXNDO48,abinden88@sphinn.com
PCLX187997WOVJEY49,nbroggio89@rakuten.co.jp
OVZI303536PGNRPF36,msalandino8a@unicef.org
CTKY458839RHTBCS56,jfidge8b@ehow.com
OYHZ827728EWCIXC60,cwackett8c@rambler.ru
HXKT785962MSVFXL36,enorthage8d@e-recht24.de
RBWM202451BAGUZG93,cbernardotti8e@networkadvertising.org
ZDAY593488RDXIDN56,adilon8f@europa.eu
UKEX207557QVLJQJ26,cshailer8g@stumbleupon.com
XAFG374687AXSTPB65,snewburn8h@economist.com
PVPL292786MPEXWP77,gbrushfield8i@psu.edu
OVHQ844153ROKQYC64,lfearnill8j@github.io
OTZF267651FCTZCO98,ebowman8k@amazon.co.uk
HARR452950THNRWP70,areiglar8l@delicious.com
CCTN904512HZWHYZ54,rfyers8m@newsvine.com
DLZE743098ZSRZKY64,hpatridge8n@ft.com
LTDB584706GQNBOI73,csibley8o@harvard.edu
PVLM788059UMHHQG40,sarrigucci8p@xing.com
WQRU659502TWTZCA72,dlovejoy8q@istockphoto.com
PZWX269284EXOSEL20,sbangiard8r@sourceforge.net
BZCF090262MSOOVH93,gwinchurch8s@ebay.com
SBBI623408WKUVXM20,gmaddrell8t@epa.gov
SMIB411638SJAKEJ96,jtillot8u@apple.com
OASK648136MJZMUV17,aallchorn8v@merriam-webster.com
PIXF628121RFVEMU17,mbrayley8w@wordpress.com
VKHM446936FIULTX89,jpennington8x@who.int
TQSH277506RMIDKP77,thillborne8y@icq.com
ZKIG822293PETIPR67,bghelarducci8z@skype.com
TASJ348389BCBMOG55,mdincey90@yolasite.com
EYOR655353MEUNVG61,lfishbourn91@webs.com
VVLF768358HTXYYL10,fingall92@theglobeandmail.com
FWZS078698LBGUSV58,ltocher93@shutterfly.com
NCQU886090BZTNHV90,dborel94@mac.com
KUAS824540CQMZDS56,djaves95@dagondesign.com
SVVY847287XTMZGI12,bmcgiff96@ifeng.com
BEDR929584XBNDRL89,rmcknockiter97@about.com
IEPX024038WGBUMX60,hifill98@mail.ru
RMZE651801HFWPVF39,hnolda99@mac.com
GEFZ986604OJZETH92,rcuddehay9a@cloudflare.com
ZNIP891104KINVFA08,sarnaudin9b@usnews.com
NQSM117588CXPMPW68,sjodlowski9c@mozilla.org
ULME018963OJYATN49,hpadly9d@deliciousdays.com
GSAU030944JEHHJV62,ccrut9e@nyu.edu
LYNZ678956IRTIWU66,ttodeo9f@netscape.com
PTFN419219XBGFIY53,rleahey9g@xrea.com
JVSI624987MPAFWA41,shollyar9h@example.com
JXTP380309KNCCGP40,cbarritt9i@skype.com
TZTK575141FWTIHM59,sfevers9j@a8.net
CGFT760982OMXEVZ34,pwillshee9k@senate.gov
RFOU922714PSJGQS54,lwitz9l@slashdot.org
SXIJ063053IAQPBX89,igerrish9m@nbcnews.com
YQTG399673QVREMZ14,jryson9n@opensource.org
VESV053947BMCRIF12,bwheeler9o@csmonitor.com
VKIZ108228HGXDEH49,abrouwer9p@google.com
HAUV176220IOOACP42,cmowsdale9q@usgs.gov
NSRF752574TUINIV85,cpreuvost9r@cpanel.net
SRNZ428041WGUOVM20,rmcpartlin9s@cbslocal.com
MESP308454AYREIE16,fsaveall9t@statcounter.com
ERYA800529VPNQHC34,aklug9u@forbes.com
CQQB202815HYKHRZ84,mneasam9v@dmoz.org
VVPH300093JQEZBK18,kpapes9w@weebly.com
TXDV723831ZJBLIJ79,ggilbane9x@mayoclinic.com
QVJK225407TFGHZL67,eomohun9y@list-manage.com
IRMW706696XFONQO38,cstirton9z@bandcamp.com
GHZZ750472MMXEIV44,streadgolda0@flickr.com
CBBI909540AIXCJC55,pandrieuxa1@prlog.org
UTJR584500HSNNED19,rzylbermanna2@pinterest.com
OENU270650QTKDSG81,sloadesa3@istockphoto.com
UAEO095311LSRKEV80,rquilliama4@vimeo.com
VVLF768358HTXYYL10,bvanderdaala5@php.net
UJEF892452QYNMZR89,vizaca6@pinterest.com
NNYP461706GPTQDE60,ccorroyera7@taobao.com
MSHX728196NYIKRF72,gdelcastela8@xinhuanet.com
RIFO741859RYLPLY15,mkilsbya9@twitter.com
HFAD361697EOBVKV31,marnaudinaa@ehow.com
ASJB603184SJNXFS85,rfidgeonab@php.net
VHOI319523FUAGVC46,bhouldinac@chronoengine.com
TTDV976694UUXRLL22,kloadead@webeden.co.uk
BZCY706442WJNVPD55,amcfeatae@storify.com
VDPR294377RRJHGW73,kfrizellaf@dagondesign.com
HONX388607HSNDPA36,lsebbornag@chron.com
NDNQ436482OHCQHE74,inodinah@163.com
ALOB609661HKEROZ24,cemnoneyai@instagram.com
KESO851650ZMLYSK44,qcicuttoaj@aboutads.info
SJKN347605UBRXWX19,mdebeauchempak@elegantthemes.com
BRCQ545868OGLEUM48,vvasilkoval@is.gd
PHLS336094SPVLJT38,bcordam@bloglovin.com
VVLF768358HTXYYL10,wkivellan@delicious.com
CYVU212640GJCYBJ20,jmccrainorao@sogou.com
ZPSQ313834XZDYUU94,clileap@ycombinator.com
ASJB603184SJNXFS85,paleksandrovaq@biglobe.ne.jp
AMNB391104XVMVRW26,rcowenar@princeton.edu
HAXE238093SOKCYD71,imccreathas@whitehouse.gov
KXEZ601658UKNHOG44,thowtopreserveat@t-online.de
UBLD748635KVOSNZ18,phailwoodau@narod.ru
UUHF126228OGEXPN77,sdentyav@networkadvertising.org
QMJT649352VPJLVB22,sniaveaw@amazon.co.jp
TNIJ748980GRZVGM22,mwraggsax@jalbum.net
MZJX778962BMAYMU79,wnewarkay@nyu.edu
TPND884662IONWGC21,thardawayaz@webmd.com
UJEF892452QYNMZR89,phrishanokb0@symantec.com
YESR228015HOUXXV02,wfassbenderb1@w3.org
WUWV049125VXYZXS79,drubinowb2@usa.gov
QWNC797189EMGWZE37,xthaineb3@gmpg.org
TVBL638003NILSAR43,jedmonstonb4@stanford.edu
IUVB654702OJENMA08,jbotlerb5@infoseek.co.jp
DIAW330842EQAKJL19,fmusellib6@themeforest.net
PELT139471ZIGQHS86,htrowsdaleb7@slate.com
DGSM407267VIQQMO34,tpeertb8@forbes.com
QGQT951190EHEAHU27,jcromlyb9@printfriendly.com
FFOI875511DPUCIL71,tladburyba@ehow.com
KUAS824540CQMZDS56,mallabushbb@fotki.com
VMJR007638FOXCTL17,aplunkettbc@homestead.com
TPND884662IONWGC21,ashotboultebd@fda.gov
DPKU770971ENVWPQ72,lingamellsbe@sourceforge.net
QGQT951190EHEAHU27,mburlingbf@storify.com
JOKB007498ANRPGN19,challgalleybg@discovery.com
LMRN358602RNCFGO30,jjaggsbh@diigo.com
DQEA513876YFRDQJ93,bbuzzingbi@tinyurl.com
NQSM117588CXPMPW68,tleijsbj@whitehouse.gov
BMYF018554YYFWLF02,kbriddockbk@google.com
VDBX740197IRJFDO08,shamlynbl@state.gov
GOOM965590BCEGWU83,dtiemanbm@fda.gov
CKBR667040HLCYLN23,acoodebn@google.cn
NQYD357754WMXIEX23,kmctiernanbo@tinyurl.com
BZCY706442WJNVPD55,kfullwoodbp@ow.ly
PGPL567858CXRQKV32,mhellierbq@hao123.com
IYTG892581JGDZSO85,larnoultbr@economist.com
HUBC390234GKOBXI85,alessmarebs@imgur.com
RDRY138301DCCKIZ53,emcmorlandbt@ifeng.com
TXCR193911QCSSWP88,ajeannaudbu@acquirethisname.com
QMJT649352VPJLVB22,bgoligherbv@zimbio.com
ORXC069216ONWUEZ87,fdunnicobw@arstechnica.com
HNYT134579SKHAWE17,jvausebx@tripod.com
BJDM712929SSOTNU78,nmcwardby@phoca.cz
WUEU231697TVSSAZ18,tpaynebz@mozilla.com
BELR295572XFSPSL83,dsummerliec0@admin.ch
IPYU448682WGOIZV98,adownsec1@timesonline.co.uk
LVTM496324PTJPSR53,ceaklec2@dagondesign.com
XNJH800174OKPRUY81,jjustc3@dailymotion.com
HAHT140592WJFPFO32,lkerwickc4@ted.com
FDPH545499KOAOVR41,gcoenc5@over-blog.com
GURI407272WBREOG39,ckingswoodc6@sfgate.com
HGCA140077CGSHNA87,amoscropc7@woothemes.com
VQZH308954JRNLCB81,tmacdearmontc8@princeton.edu
FLYR951456VEKCXV63,sbuchec9@free.fr
VUAY928571WPRMHH46,rpickersailca@bandcamp.com
XLXH225854DENPJC39,rwakelingcb@tinyurl.com
FACP787919MEBWSJ68,bmeahcc@lulu.com
YYZW773859RCVMSQ67,imackerleycd@slideshare.net
LYNZ678956IRTIWU66,jromainece@slashdot.org
UPTJ872171RNFXTZ00,rrikardcf@army.mil
TDPZ828100OFOSVH07,eguiraudcg@imageshack.us
HEJU685838FFXYKD20,jwasmerch@squidoo.com
NCBQ117509BJULLO45,nwallickerci@microsoft.com
OFST179437EBNFWM45,hberneycj@va.gov
FTBZ165291YLJCRX60,skilbyck@answers.com
DDCP631537YZMUTE93,rnijscl@eepurl.com
IPYU448682WGOIZV98,pbeedlecm@prweb.com
ZLHQ696098BFGAQV96,jprinncn@blogs.com
EHOJ931745YMVARB38,rpatsallco@360.cn
MNWC628012WNZXOV34,bhealeascp@mit.edu
UOPH977553HUXZKX53,bcolicotcq@intel.com
RQWH454940ZRYPWX72,htaintoncr@netlog.com
DTEK610254THEJAD92,ikordacs@studiopress.com
CWZV019468VTPMKF29,smewtonct@utexas.edu
MBZW012806ZIIMYI69,ewhyardcu@123-reg.co.uk
KUAS824540CQMZDS56,wladbrookcv@webs.com
BMEJ333617LPQPPQ59,blacelettcw@blogger.com
ZDDK001178AHZKEZ98,oraimancx@marketwatch.com
ZBOB749812OHCQVQ21,cstewartsoncy@vkontakte.ru
ODZA215880QVTLWW08,ascarbarrowcz@diigo.com
OFST179437EBNFWM45,ptripond0@marriott.com
FXWO086807YGAAXW72,aaleksichd1@apache.org
XSLE540391FLVIYM93,lsimononskyd2@hhs.gov
CEKR497495AWJDRT17,hmayorald3@elegantthemes.com
QWTZ346485PDDCXE35,ebatistellid4@ibm.com
FWXC141909JLKOQI34,bparlotd5@drupal.org
HFII024823UATSNV62,cshillamd6@unblog.fr
MPTG373052STDYWS22,fdenisardd7@fema.gov
PIGO184705ZKBKUD61,jmckendod8@meetup.com
HNXV960285ERDHTI41,prapierd9@loc.gov
FWZS078698LBGUSV58,gwildeda@symantec.com
NTUT529550MEUCEN04,rtibaltdb@w3.org
URXZ231857TRRAPW51,sleechdc@dailymail.co.uk
JOKB007498ANRPGN19,fgalleardd@earthlink.net
IWVF575907VBSNPN78,sdellcasade@imgur.com
IRMW706696XFONQO38,gdalyieldf@about.com
SAGX279029RMOGCN20,faspraydg@yellowpages.com
HONX388607HSNDPA36,bcapnerhurstdh@ehow.com
AMIU989492JOHFQN25,xgravettdi@auda.org.au
ZXLT759967FIFWTB87,mserverdj@technorati.com
TTTW073120FCIJNZ71,dmirandodk@who.int
QWRP096558MSICED91,aprobertdl@google.it
GURI407272WBREOG39,helamdm@deviantart.com
IJMZ155308JCXVWH95,fhurleydn@artisteer.com
JSOH478011HLNLJL37,msielydo@pbs.org
ZNIP891104KINVFA08,lfiskedp@homestead.com
XKTA508817WEWZIX80,asaltdq@addtoany.com
FTBZ165291YLJCRX60,acastlemandr@aol.com
WXZV005327WMSHUM59,lwybernds@sun.com
WMPF988130IFKUGT88,ahasnneydt@princeton.edu
LCTE898885ZXVGEP31,rspikingsdu@digg.com
ASJB603184SJNXFS85,bcurmdv@businessinsider.com
UGDT520717KMIJWR42,csammsdw@wikispaces.com
ELYF949837GZCYRW84,mbecarradx@amazon.de
NVQB104804TXPEKO47,tmaylamdy@wikimedia.org
XHTI401376KZGZIK16,amccaydz@skype.com
SZTK393564MDTIEI96,tdungeee0@noaa.gov
PYRE173349BSOFPF42,dharesnaipe1@altervista.org
BWQV495677DAZURH61,nwippermanne2@ebay.co.uk
VGTV669177XROSCA49,acarrabotte3@bing.com
POGT898631QNKTWC95,rbachanskie4@virginia.edu
WDTE695425AJRTTV89,llancleye5@trellian.com
CDAU093092FFLNLO65,kthrushe6@addtoany.com
EYOR655353MEUNVG61,jlaxtonnee7@discovery.com
IPYU448682WGOIZV98,dwisbye8@comsenz.com
AERZ753048EWHDHP11,rkimmerlinge9@uiuc.edu
XZXL988390YSSTJB44,rhaddestonea@reddit.com
GKNZ652308FQPLZH81,cbanhameb@squarespace.com
VUCA648399KPKWZO68,btaigec@wordpress.com
TASJ348389BCBMOG55,wcogared@bloomberg.com
PIGE800346ZJAKST05,gyarmouthee@homestead.com
OORX350384JNGPDC75,jdurandef@indiegogo.com
FLYB455084EWHJIL07,rcoateseg@timesonline.co.uk
YZAR675492PIJIHM53,jgreensitteh@nps.gov
OMTE998570VPDQNN43,cforcerei@mayoclinic.com
SXCG151844KMPHRR98,hrudgerdej@theguardian.com
CTKY458839RHTBCS56,bchaplingek@joomla.org
VLSA463345XNKINI86,dstronachel@guardian.co.uk
TGCD284959AKNOTA37,agodspeedeem@cnet.com
OENU270650QTKDSG81,gbuseken@un.org
XNUH837390JPZBEU48,bridgeeo@prlog.org
OMTE998570VPDQNN43,pganterep@chicagotribune.com
BHKN442027MBDPYX64,bgilloweq@telegraph.co.uk
OJCW625123NXBLVR62,vmostiner@house.gov
XBZR581486UGFFTS48,hfurberes@goodreads.com
VEPK098492IBGZRM92,vgadieet@w3.org
IEOE731999NUIELH37,ojewitteu@shinystat.com
TQSH277506RMIDKP77,bbernardtev@telegraph.co.uk
AMIU989492JOHFQN25,ggilstonew@etsy.com
QOPO447366WPTKWP88,jgulstonex@cornell.edu
ZXHN802581GPWCUO47,cofiellyey@nydailynews.com
XFDH581455ROPBEF38,lcorleyez@vimeo.com
OVXT650211CFUBXA16,mhollyerf0@zdnet.com
PEYA474841KOAVGY98,mgiloglyf1@flavors.me
IKNC407846EHPWNI57,esacazef2@dropbox.com
EIVF064233LZPTPV31,pyockneyf3@blogs.com
JHHA782575AQRDAO88,rfoxwellf4@bloglovin.com
HAXE238093SOKCYD71,cpirronef5@free.fr
OENU270650QTKDSG81,jkeerlf6@paginegialle.it
CPYY788345GRZUJM19,lananf7@lycos.com
RHPL036730ISCXQL60,mlambornef8@comcast.net
MSRC196965ENGOJY06,llivesayf9@apache.org
YYLN314412YNHIDR68,kkenforthfa@ucla.edu
CTDT420986XDMAFE64,cupsalefb@hatena.ne.jp
TXCR193911QCSSWP88,ckinanefc@jugem.jp
STBA000512HVNJGA20,jtrymmefd@census.gov
AJDS248951NFYFLB87,mdimariafe@goo.ne.jp
KRDG207668TBMSLK78,sfydoff@geocities.com
BTEL325589NVBOQK27,ssondlandfg@google.pl
QFPR216792VIGVEW73,mjablonskifh@addthis.com
UKEX207557QVLJQJ26,bkasselfi@marketwatch.com
FACP787919MEBWSJ68,tdarefj@webeden.co.uk
QWRP096558MSICED91,obristoefk@wired.com
CRKV518316VSEIWJ09,jjancikfl@biglobe.ne.jp
MESP308454AYREIE16,speidrofm@histats.com
FFOI875511DPUCIL71,dmoralesfn@geocities.jp
NMHQ597587FELGJG73,tfabbrofo@gnu.org
VKSL830620SLCQPA30,gburrowsfp@joomla.org
VLRK198744RIZREY40,wmanassfq@usatoday.com
MNWC628012WNZXOV34,azylbermannfr@huffingtonpost.com
IJVT410474ZKZJHO03,rekefs@nih.gov
VGJC095350MXTMLV64,lspradberyft@geocities.com
LGKK515939UAEUZM82,jklassfu@arstechnica.com
ZWWX165162JZNJQB00,bbarbiefv@ft.com
KIVW692504SFOHNI93,privefw@ifeng.com
YUOK520222CFPSKT91,mslowleyfx@acquirethisname.com
VDBX740197IRJFDO08,cdighthamfy@cloudflare.com
AMIU989492JOHFQN25,jrispenfz@merriam-webster.com
PCXN934255RTKXNS77,atelegag0@stumbleupon.com
VHMW210837PNDOLA40,dclunang1@upenn.edu
BVIB907721WTLSNI29,bandrickg2@pagesperso-orange.fr
VLXH576797SMMBAP80,atanslieg3@engadget.com
UUHF126228OGEXPN77,emonkmang4@vkontakte.ru
FPJE472282JZPCJJ72,ahillamg5@fema.gov
HGBX017183UAOUKA25,kgrishanovg6@diigo.com
ZQPE590024ROJOWP14,mecclestong7@godaddy.com
OVXT650211CFUBXA16,bmaccorleyg8@sciencedirect.com
GJCN381480NTFDAH60,vcarpmileg9@alexa.com
FIPX247114MJRXHT76,dlodega@alibaba.com
CONL953519NUEGEB12,erennoldsgb@tinyurl.com
GAGD569296FLRLPO40,hjelksgc@newsvine.com
TESS843684TUUHWC93,pgynngd@skype.com
RURN374775IGTZKB98,slodemannge@about.me
LSLV874269ZJIJIA74,adreakingf@chronoengine.com
ZNIP891104KINVFA08,cmollisongg@people.com.cn
KRXD347498LUZDGB56,tmaffeigh@alexa.com
ULME018963OJYATN49,kbartrumgi@mtv.com
FVOC734911HYWRIQ02,qthewgj@kickstarter.com
JNHX091600CSHBGN66,sjaumetgk@cdbaby.com
RYMM426592LEHSEL02,ppevrealgl@blinklist.com
LZIU011677MSAMZA35,bparmentergm@360.cn
GWNK174150DWHRBY71,mvynallgn@nps.gov
ISED010702DNADUR97,bpairemango@samsung.com
AAXY429793WCMDDC57,aannandalegp@japanpost.jp
QFHE739798LSYBXV27,qengelbrechtgq@storify.com
RILH573532PUKZRS72,vsherrottgr@ucoz.com
DPKU770971ENVWPQ72,hothamgs@illinois.edu
AEUT205709ROZTQM00,rtuckettgt@google.com.br
DSEZ715734OQASAI90,apascallgu@hubpages.com
VQIJ577201KNPSKL23,ccodagv@mashable.com
FWZS078698LBGUSV58,cmatthausgw@usgs.gov
PEZF327823UIJAEK73,dfountaingx@pbs.org
JRDR191999SGXPPM17,lwardingtongy@mapquest.com
KUHZ450945RWMXSY23,smeeregz@fema.gov
FLYR951456VEKCXV63,eriddellh0@sogou.com
RLMH708022KNLBTZ62,mlittlejohnsh1@chronoengine.com
YRLE143624UUHCUB05,dnollih2@photobucket.com
CBTP967863AOUKTF33,fknibbsh3@nymag.com
PZAO252108FRZNIV07,kbardillh4@elpais.com
INHD474385QAMKBZ52,mmiramsh5@ustream.tv
FAZU272695ODVNSQ94,jconradsenh6@mit.edu
SMIB411638SJAKEJ96,clillfordh7@salon.com
IYTG892581JGDZSO85,gmoyleh8@weather.com
QZRO822104MDKBZM87,tclawh9@bluehost.com
CSYM303115BIEBLE58,sroanha@census.gov
EXVS010219GFHIQH83,rjanssenhb@indiatimes.com
IOYG770984ZOTBAA34,flippingwellhc@webnode.com
TGCD284959AKNOTA37,rwychardhd@xing.com
PPUZ842268VMFKXD73,vbaudehe@networksolutions.com
CWDD704118ZMLSHK17,kclaeskenshf@privacy.gov.au
FLYR951456VEKCXV63,alisciandrihg@sbwire.com
TZTK575141FWTIHM59,braesidehh@dedecms.com
AUGI160823VSUYRO01,ealessandruccihi@t-online.de
DLZE743098ZSRZKY64,rmcgillivriehj@google.ca
OUCQ497921FKXPGT78,asimkovichhk@webeden.co.uk
GSQH324934YVCBSJ78,abiasottihl@posterous.com
EESA909639NWTYRL79,japplewhitehm@ucoz.com
AKIH745281QTIMOF72,clansdownehn@slideshare.net
KKUI551618RRIYEJ52,caggeho@yelp.com
FDEL409041GGTBPF63,rmaggihp@flickr.com
CCYA387770PUTVEE93,charsehq@webeden.co.uk
GEEE918280HTAQFM60,jolekhr@guardian.co.uk
JRJW921356DHQMOA46,awoodstockhs@cdbaby.com
JUAL262375SAWPXL75,hhrihorovichht@reuters.com
LUJK877807HKWQNI82,rfiorentinohu@huffingtonpost.com
IMRU266263AHPYYP35,nboulgerhv@statcounter.com
NNZT394315LLOAMA01,gskittrellhw@cisco.com
AKIH745281QTIMOF72,mdelgatyhx@umn.edu
GJCN381480NTFDAH60,asyradhy@oracle.com
UPXN613590MWQFTL94,aspauntonhz@hao123.com
TGCD284959AKNOTA37,jbeauchampi0@buzzfeed.com
AOQQ790975HSWESJ19,oaceyi1@unesco.org
EYVM896093NKUNXR81,lstewardi2@i2i.jp
EHOJ931745YMVARB38,spadfieldi3@over-blog.com
BEDR929584XBNDRL89,mjagelsi4@theatlantic.com
UKJD162903BZMJHG07,rcrowthei5@bbc.co.uk
OYQC252636PYUVCS79,cbrumi6@comcast.net
LPDG397256RHVKUR76,teppsoni7@google.de
KPRQ559195LJTQKV13,rhallowelli8@amazonaws.com
JVLW457462MFSUIZ05,dbotrighti9@instagram.com
VESV053947BMCRIF12,gscaplehornia@dropbox.com
ZHNS464084PMLZDO30,epablosib@patch.com
NDYW584221TMCBML46,phinkesic@google.ca
CNLT843845NAWDBP18,tchaudretid@vk.com
VMJR007638FOXCTL17,bshoulerie@home.pl
FQPG150729KUQGOI97,rpinnickif@time.com
FXDK880213ZWOOYD66,bwahnerig@chron.com
DTDR099072JHTUTQ17,esushamsih@yelp.com
WDTE695425AJRTTV89,edysartii@cocolog-nifty.com
EAYB640846UWYQGL46,mjeannetij@ezinearticles.com
AYNO608292PZLIYR64,abuxsyik@slate.com
IEOE731999NUIELH37,amanshawil@stanford.edu
PPUZ842268VMFKXD73,arottcherim@intel.com
UDCC495502BMUBWO60,wchiplinin@zdnet.com
HYOR386621GAJWWC29,kbellinio@blogs.com
QZDJ309831VWKVYG11,ethorbonip@woothemes.com
ADUD079603DOYVLS08,ghurtadoiq@uol.com.br
JLDS139239QGCJBV98,alangmanir@elpais.com
TQAK985363LZLCUB95,mjohnstonis@opera.com
KWQX977010JJENBL69,predit@unesco.org
PGWA603871AOIUDY55,pgervaiseiu@abc.net.au
UOPH977553HUXZKX53,ohearmoniv@nature.com
EYOR655353MEUNVG61,rnunsoniw@macromedia.com
FLBI313363DRORLB29,ccorderoix@360.cn
RHPM629630BVQCYQ49,ksiebiy@tmall.com
HAXE238093SOKCYD71,gglassfordiz@sitemeter.com
MKHV234337QSXWKU05,cmeekingj0@utexas.edu
DGHX757957HBJOOU02,cshimminj1@constantcontact.com
BRJQ979073PHLCKZ55,ngonthierj2@comcast.net
NQIY578835HECUWR80,bhawleyj3@unicef.org
PVPL292786MPEXWP77,dcapellj4@purevolume.com
INHD474385QAMKBZ52,abreddyj5@domainmarket.com
NPJM082632CUKONI04,hescottj6@microsoft.com
ZDDK001178AHZKEZ98,eepinej7@123-reg.co.uk
TTGH580909JEYDII40,vmaffiolettij8@moonfruit.com
WMPF988130IFKUGT88,sdurnillj9@census.gov
ZLXA910380KUABJI28,fhansieja@berkeley.edu
FIPX247114MJRXHT76,qlawtonjb@foxnews.com
BOJO548846WQHQDF69,ebristojc@kickstarter.com
TPND884662IONWGC21,amackilljd@booking.com
VGFF690766SMBQRQ40,braseje@mit.edu
KXEZ601658UKNHOG44,jwillarsjf@soundcloud.com
RUZD165383YJEYZG09,cwingrovejg@twitpic.com
MMZV938467SZRAGG53,mjeaffresonjh@prweb.com
AETJ915937EPYDWB75,lroysteji@rambler.ru
CCYA387770PUTVEE93,jgillijj@dailymotion.com
FRIM647701NAUCKO31,eburnerjk@oracle.com
PCXN934255RTKXNS77,jgobelljl@smugmug.com
WNUG381742PQGGCV85,gfarrowjm@topsy.com
AINL964614SWHBVV22,lwindrassjn@ezinearticles.com
RUCX606692FFZRKB98,lwoolnerjo@vistaprint.com
LANV107985XUSWUN28,cgoreyjp@utexas.edu
TPND884662IONWGC21,dredingjq@ucoz.com
YYTP101097IKPQCY27,clevecquejr@archive.org
VIZW224903UFJJWJ17,aduryjs@nbcnews.com
YVCL721165AOXCJB38,gwaggjt@java.com
VGJC095350MXTMLV64,htilliardsju@economist.com
QBDM033626VLPPER06,ebiasijv@fda.gov
VDBX740197IRJFDO08,kmccafferkyjw@google.it
OUCQ497921FKXPGT78,asparejx@sfgate.com
TBIX628628LCUNAY64,hvandevliesjy@google.es
OJCW625123NXBLVR62,btwitteyjz@issuu.com
PGUY439384LVNGTN46,rcullingfordk0@europa.eu
KPRQ559195LJTQKV13,lsallierek1@example.com
VSSD211173LOQTJH86,rbreesek2@sogou.com
TJOM813122TSSCVK14,tlosanok3@oracle.com
OCUH799788TTDDVF31,yscreachk4@ustream.tv
SGKQ657412ADRIIN56,aboyerk5@altervista.org
CGXO452429MTXISM26,asuffieldk6@mediafire.com
SYYX827376QBZDWK36,ralderseyk7@weather.com
NPIE225601UDKHGO12,sfeehank8@dedecms.com
CIRJ562131RXBTUE39,aliddyardk9@slideshare.net
UJAG649382OKJGEK96,spythonka@cnn.com
TBIX628628LCUNAY64,clittledykekb@oaic.gov.au
WUWV049125VXYZXS79,mcronshawkc@sfgate.com
CZJN033912TZEBPN19,gheadingskd@phpbb.com
CVAV903896YAEITB95,ccoxke@illinois.edu
BPSF327977IKPCNQ07,cmacmychemkf@g.co
EDSP040628FLHKXZ89,ljeayskg@ehow.com
XKTA508817WEWZIX80,tdonovinkh@businessweek.com
WIMR545741IIXNDO48,dwrathmellki@ameblo.jp
XSWV575489LCHVHE24,roxenburykj@constantcontact.com
TGCD284959AKNOTA37,pperfordkk@imageshack.us
VGJC095350MXTMLV64,ademorenokl@pen.io
OOUQ335666CNYNAN11,mmobiuskm@guardian.co.uk
ATGW194384TNEQJD62,nchatteykn@over-blog.com
VVPH300093JQEZBK18,asyredko@cocolog-nifty.com
PVLM788059UMHHQG40,aadamovichkp@ocn.ne.jp
RHPL036730ISCXQL60,sloxdalekq@nasa.gov
LQSY615024AZNERB73,tchingekr@mtv.com
SXIJ063053IAQPBX89,ovanhaeftenks@com.com
FBQN862556JKLKWL66,raxupkt@constantcontact.com
UIWI252397LCQTHY56,hcodronku@bbc.co.uk
FLBI313363DRORLB29,mleborgnekv@cbslocal.com
CPCZ443365CTDUOB79,lcaddellkw@google.co.jp
JRJW921356DHQMOA46,adunbletonkx@upenn.edu
CLLE309258LPSKTK67,rgeroldiky@acquirethisname.com
ITQL418709DTWHCS99,agolykz@redcross.org
TBIX628628LCUNAY64,wcoulesl0@nature.com
AQCI442979GELHYG26,acalbertl1@forbes.com
TVUS123278WLOINQ68,dbampkinl2@jigsy.com
JSOH478011HLNLJL37,cfruchonl3@yahoo.co.jp
AASV450655ENZWLZ54,fvanderdaall4@archive.org
NXUI934455DMYSNS47,tickovitsl5@usgs.gov
TISM464062SLCNPH33,amckeal6@dell.com
NINK470419WIVPDF74,beckfordl7@yellowbook.com
WCHR408091ZRDDHN66,blahrsl8@huffingtonpost.com
UGLM171947DLODPJ63,scharlesl9@amazon.de
RVFJ420448CYGVPP75,rfeatherstonhalghla@dailymail.co.uk
WGUW817188CENJVT71,jbloxsomlb@cdc.gov
EIHJ176167HNCKMU33,bdancerlc@google.cn
GBKE534378OCDCUO27,ijansald@youtu.be
CCYA387770PUTVEE93,ostagle@clickbank.net
CTPO951785NGLNYT31,jpierpointlf@salon.com
VHMW210837PNDOLA40,esarsfieldlg@gizmodo.com
PGWA603871AOIUDY55,gkuhwaldlh@twitter.com
RXLX501466FRPHFQ71,cocanavanli@csmonitor.com
KBNM621536DWHCCF75,pduganlj@google.nl
KKZY423716HPXCWU51,leliotlk@meetup.com
EUTZ659040BZRQUA18,jbramhamll@imdb.com
HLDW710983JEOLRM56,pnuthlm@tumblr.com
SQKD745857JJRPOV44,hclarkewilliamsln@bloomberg.com
QUFX525497XYCGTT64,ttrickettlo@ebay.co.uk
ZDDK001178AHZKEZ98,eewingtonlp@g.co
XHEB700419GLWZOJ19,kkeenleysidelq@salon.com
PDCJ473198ECZOJE31,nelijahulr@drupal.org
NNKL249968EARYSD05,rhumbellls@bravesites.com
WRAY292125JDDYTE57,lchoudhurylt@surveymonkey.com
JYZJ913055FPASRT75,pgoldsmithlu@senate.gov
RQWH454940ZRYPWX72,tfazanlv@netscape.com
NMHQ597587FELGJG73,ktidboldlw@cnet.com
QHYX377175VMEURV35,savisslx@meetup.com
FUCM071548CLWJDQ08,mlowdianely@usda.gov
FVXX685232YOLUEL84,rchantrelllz@kickstarter.com
UDWW167572QSWGQM92,hsievewrightm0@discovery.com
PGCB396764FFHUIC63,rhaackerm1@nationalgeographic.com
PMHV653375PEIYOC70,mreilingenm2@dell.com
UYJI933706ULYSQN70,efedderm3@cbsnews.com
ZQPE590024ROJOWP14,nspicerm4@so-net.ne.jp
SNJV355203YZSJDE63,jkupiszm5@ucsd.edu
PZWX269284EXOSEL20,zvideneevm6@ox.ac.uk
AHAO407128HETNMG89,asurguinem7@cpanel.net
TLED665972ZGPAIU73,ccasierom8@apple.com
QHDZ174144ANAVZE75,sdjakovicm9@nih.gov
YOWI168091UYKYXY74,lvannuccinima@chicagotribune.com
XZXL988390YSSTJB44,flebarrmb@kickstarter.com
NPJM082632CUKONI04,lcristofvaomc@1und1.de
OTNQ555950MLYWXB46,bohernmd@goo.ne.jp
HEVA743901YPNGAR94,erobertuccime@un.org
VLRK198744RIZREY40,gmerrymanmf@g.co
KKUI551618RRIYEJ52,dphilippetmg@go.com
RQJA419720NJGQYK82,dbeldonmh@t.co
NCKL995892UCALOE32,cerbemi@live.com
STAW435941OPRNUY77,nbeeresmj@wix.com
BOJO548846WQHQDF69,logleviemk@is.gd
QGRD914783AIWWZY09,kcollishawml@un.org
RQTB185593PRRTNM96,afantonmm@tamu.edu
IEMX751790TBAUXO50,msprowlemn@dropbox.com
MKHV234337QSXWKU05,peveringhammo@irs.gov
VKSL830620SLCQPA30,bbrockwaymp@unesco.org
QOPO447366WPTKWP88,bpreemq@businessinsider.com
YYTP101097IKPQCY27,gprisemr@cargocollective.com
NNVU470773CLBHJX28,dcollickms@t.co
HKWJ070198CNNHKL61,clorentemt@mail.ru
NSKJ698505TKRONP41,kcancellierimu@unesco.org
AKIH745281QTIMOF72,riannomv@yellowbook.com
CTCH293877YKIZWQ50,anewcomenmw@netvibes.com
YYLN314412YNHIDR68,sdrewrymx@dropbox.com
HQAA987303BVXRHD97,ephlippimy@hibu.com
SGKQ657412ADRIIN56,gdovemz@google.co.uk
AQCI442979GELHYG26,tbloyn0@reference.com
ETMN703389HYOLLO75,hcapstaffn1@moonfruit.com
TPND884662IONWGC21,amccurdyn2@smh.com.au
UTHZ563332KXQNAN28,rsurmeyern3@shop-pro.jp
FPIX208159PZLPDZ63,awollastonn4@qq.com
HGIA683159XZTSVF07,awoodyearen5@nifty.com
PZAO252108FRZNIV07,bclemmown6@youtu.be
VUCA648399KPKWZO68,acoghlinn7@dion.ne.jp
FXWO086807YGAAXW72,tguinann8@admin.ch
PZXD828546UDAFON87,ewhiterodn9@marketwatch.com
HYOR386621GAJWWC29,kgohierna@cocolog-nifty.com
ZKIG822293PETIPR67,kmarsonnb@instagram.com
ZOAV145195MGAIYB13,ctookillnc@w3.org
WVFW271005KOVVKT36,aghironnd@flickr.com
AVLQ079467GNVRYD03,agatenbyne@godaddy.com
UPXN613590MWQFTL94,radacotnf@dedecms.com
JRDR191999SGXPPM17,lprettyng@cmu.edu
HPPT074368ZSVLMW57,gbrooktonnh@ebay.co.uk
GEEE918280HTAQFM60,sgarrieni@jigsy.com
ODZA215880QVTLWW08,astandidgenj@trellian.com
JTSA646201PNJUJC06,sspedronink@weebly.com
EOBN315772MTTNNY84,hhayernl@freewebs.com
EFNP277075ELTUVH79,opaschkenm@live.com
NSRF752574TUINIV85,vdalgarnochtnn@1und1.de
KBNM621536DWHCCF75,mrisenno@godaddy.com
FHJL806897GDPFVD58,mvamplewnp@sitemeter.com
CFAK957739ILTTLK29,adenajeranq@auda.org.au
RVEC712055VJXURK04,cacorsnr@abc.net.au
ZLXA910380KUABJI28,kbaudns@vk.com
WQRU659502TWTZCA72,lecclestonnt@ucsd.edu
XZEV918788CCARQA06,oclemonu@dell.com
KIML805336FDGDRE10,hburrusnv@sohu.com
ERFS560693JAKJCY72,epabelnw@cocolog-nifty.com
ZXHN802581GPWCUO47,tlylesnx@accuweather.com
QLNJ706796LIWLSQ77,lwabyny@furl.net
NCQU886090BZTNHV90,eharkusnz@miitbeian.gov.cn
ZZNO585676OCDZOI69,tmclaeo0@cam.ac.uk
WRAY292125JDDYTE57,mgreenleafo1@senate.gov
BJDM712929SSOTNU78,ksilmono2@rakuten.co.jp
ZSRB388810GAFZUC04,lkegginso3@forbes.com
DCDS319030DWMYBF28,cschuchmachero4@163.com
HNYT134579SKHAWE17,bcommuzzoo5@mtv.com
ATWF157004QIZYCD99,uwoodageo6@wikipedia.org
PEZF327823UIJAEK73,ccanto7@bluehost.com
SWGE311550KUOPYF82,abarnetto8@storify.com
NPJM082632CUKONI04,wvandenboscho9@ow.ly
KKUI551618RRIYEJ52,wsattefordoa@mapquest.com
FWIH392832ZNSCVT26,kpaganob@google.com.au
SSBF051457HPVVPZ17,eaymeroc@usda.gov
ZHNS464084PMLZDO30,acumminsod@deviantart.com
XAFG374687AXSTPB65,ltickeloe@lycos.com
ITQL418709DTWHCS99,vdinsaleof@nationalgeographic.com
URXZ231857TRRAPW51,nbreretonog@infoseek.co.jp
EFNP277075ELTUVH79,spundyoh@soundcloud.com
FDRF439312KWWSOG18,oceneyoi@forbes.com
CEZW644058JQZSIV11,srickersyoj@ebay.com
UTHZ563332KXQNAN28,cschleicherok@icio.us
QNPT195784DPOWWJ99,kjaumeol@thetimes.co.uk
NQJW601278PSLRCJ41,fmacmarcuisom@goodreads.com
EUTZ659040BZRQUA18,cguilaynon@merriam-webster.com
CRJJ436107ONVMLN75,lvauteroo@opera.com
XXPN263841WTPDAD75,vmagrannellop@dropbox.com
ISED010702DNADUR97,pmcglueoq@google.co.uk
IFQG054989OYZPFB83,cklainmanor@newsvine.com
WUMC926096DQRVJU12,jsimos@yale.edu
TRFX978459REHJIQ58,rcicettiot@cbc.ca
VKSL830620SLCQPA30,jsaundercockou@npr.org
NPNN557929EIPPOC42,euccelloov@columbia.edu
ELYF949837GZCYRW84,apetricow@reddit.com
YFXH330565IGLFQT72,tdachox@weebly.com
XPAG994551RSIWOI74,pgudahyoy@acquirethisname.com
RHPM629630BVQCYQ49,kdanilowiczoz@slideshare.net
GFEH871571MJLHYN84,jshanep0@nba.com
MSTI223254GVMLSU71,tveldep1@booking.com
OYAR030122EGUFCZ88,kpauluzzip2@yandex.ru
SXCG151844KMPHRR98,mjahnigp3@wikia.com
ODZA215880QVTLWW08,bayrsp4@redcross.org
YRLE143624UUHCUB05,bkinastanp5@paypal.com
UGFE416146EFJAGS89,jschollarp6@engadget.com
DRIQ139040NEKVOG81,khingep7@dyndns.org
RQIQ664628JLLCLR93,jgallatlyp8@kickstarter.com
IIIZ753336GNYCDQ56,igronoup9@imgur.com
UQKG892615YFSJQT06,sarkillpa@yandex.ru
HDQC193207SSBFNN50,fhayfieldpb@hexun.com
THRA951051ETNPPX71,kmccombepc@networksolutions.com
VLVH922772QTYZYG68,amckilroepd@yellowbook.com
CRJJ436107ONVMLN75,spoplepe@wordpress.org
NINK470419WIVPDF74,rlagepf@soup.io
LUGP308831EHRHKI03,ktumepg@blogger.com
SVVY847287XTMZGI12,kmclernonph@ted.com
FWZS078698LBGUSV58,nfeildpi@pcworld.com
TRCP806055SGEQLZ07,krikelpj@barnesandnoble.com
XHTI401376KZGZIK16,sdillandpk@geocities.com
CTPO951785NGLNYT31,spickettpl@virginia.edu
FFKZ925575DMIZQZ93,bchecchipm@tamu.edu
TXDV723831ZJBLIJ79,tcostenpn@bbb.org
WCHR408091ZRDDHN66,cjambrozekpo@sphinn.com
GEED841105DTLYPY74,jnisslepp@cbc.ca
JKQI023604ETKGPK08,btamblingsonpq@cocolog-nifty.com
RURN374775IGTZKB98,dmarjorampr@admin.ch
TXCR193911QCSSWP88,ajannawayps@i2i.jp
GWNB628315BDKNAA12,gallmenpt@unc.edu
LMRN358602RNCFGO30,jdomenichinipu@aboutads.info
GALP567628BQXHUF66,hmccolepv@umich.edu
TFTA746622IQZAYX41,wshmyrpw@prnewswire.com
RYTC777808RUMVIM01,llabapx@cpanel.net
VCGX023617QWATQA69,slabastidapy@microsoft.com
OPNS418589JHWWHX48,amuncasterpz@angelfire.com
BDUZ754626UARCXX89,hcluttenq0@comcast.net
UGDT520717KMIJWR42,gschulkeq1@squidoo.com
AAXY429793WCMDDC57,rstrothersq2@ft.com
DGHX757957HBJOOU02,vdelacourq3@bbb.org
CBBI909540AIXCJC55,bingamellsq4@jiathis.com
VGJC095350MXTMLV64,sroblinq5@free.fr
JKQI023604ETKGPK08,esimioliq6@arstechnica.com
AUXF240024YKYGWL71,ggorrickq7@elpais.com
YQTG399673QVREMZ14,kpulmanq8@icio.us
CBBI909540AIXCJC55,pyanyshevq9@irs.gov
ZFMF105343MLJKZM91,mmaggillandreisqa@indiegogo.com
URCW027149EKVTYX56,gcannopqb@diigo.com
CBTP967863AOUKTF33,jpozziqc@businessweek.com
BZCY706442WJNVPD55,asedgerqd@1und1.de
XDSG418528BIEKNQ52,mjenninsqe@fotki.com
YQWJ431959BQUUAX28,jhappertqf@pbs.org
TSBA386299JVZMEP37,waronstamqg@tmall.com
EXVS010219GFHIQH83,hjordiqh@harvard.edu
DUYN694761HIBRQP23,oduferqi@pinterest.com
PMHV653375PEIYOC70,bgutowskaqj@unicef.org
XXYK375705WKFEFO57,cconnollyqk@businessweek.com
JTSA646201PNJUJC06,gmarietteql@blogtalkradio.com
LSLV874269ZJIJIA74,jclemmensenqm@salon.com
MDJI917348VBOYZL87,nbarefootqn@ifeng.com
AMMC399614GBKNHW14,jgeardqo@elpais.com
ZTKS793771OROMUR05,jarckollqp@cnbc.com
HMKS207814OAACUD57,cberesfordqq@accuweather.com
JVFG248854LPMMDY22,ccooleyqr@nature.com
CMCA894723SPMUEO69,hbreslaneqs@stanford.edu
EAYB640846UWYQGL46,aancketillqt@hostgator.com
KRXD347498LUZDGB56,cpriskqu@ezinearticles.com
XVDB380455USDECL27,ndormandqv@goo.ne.jp
BSYO775886LOJMZQ83,mbullmanqw@cnbc.com
CTWS180278CJQNZI48,lpellantqx@last.fm
WHFI521434QKHHQL32,dpotteridgeqy@simplemachines.org
WHFI521434QKHHQL32,igeldertqz@harvard.edu
ASXP627796WBQHXF70,dlagadur0@google.com.br
TNBC559741RATMQY72,gyouthedr1@dion.ne.jp
DSCI031048YPOOWF59,tberer2@smugmug.com
NXAH735416OKKRID76,tmcelviner3@over-blog.com
PUSO780500LAEBOZ70,dlabusquierer4@nifty.com
CMIY978158IUJFEM33,rgrombridger5@1und1.de
XSWV575489LCHVHE24,hgavanr6@prlog.org
SJKN347605UBRXWX19,ajakobssonr7@t.co
GEEE918280HTAQFM60,jlarensonr8@icio.us
KWVA163650MSTCBP73,jessamr9@psu.edu
NGTY016258CGESSL07,emissenra@huffingtonpost.com
PZXD828546UDAFON87,rbottomorerb@google.cn
VCGX023617QWATQA69,ptregunnahrc@google.co.jp
ENXK158392HLNRZS73,kverdeyrd@aol.com
WYZK952193CSETTN34,lismeadre@de.vu
RHPL036730ISCXQL60,aantleyrf@npr.org
UDCC495502BMUBWO60,mdanyrg@auda.org.au
IRMW706696XFONQO38,sremonrh@people.com.cn
XFDT367163GREVZB83,cbuglarri@gravatar.com
XXYK375705WKFEFO57,nglasperrj@yelp.com
WFDC642102JHDBZD87,iwilkersonrk@barnesandnoble.com
YQTG399673QVREMZ14,jseagroverl@booking.com
AKRZ934773GLTHNM57,bbroerm@ucoz.com
YFKN589370ATLRRP85,mbaribalrn@epa.gov
BMEJ333617LPQPPQ59,mpawfootro@jiathis.com
SIWR730152FYFXJF71,rcubberleyrp@discovery.com
KIXG848669BFGREU22,mkervinrq@jugem.jp
WNUG381742PQGGCV85,aiiannonirr@desdev.cn
