curpcajero,correo
OMNP627008LRTQUG16,rjackes0@hibu.com
RDJQ961279OKCOFR60,mgonnelly1@prweb.com
VNOS661906QJVRYT35,hhowgate2@harvard.edu
BBQN024306JKAGOX13,agirodin3@ted.com
WZCN322106UWEKIS48,hfleeming4@constantcontact.com
RSDJ027672CTAYYU93,kmayell5@myspace.com
XKWU660209FSTULP92,mkerwood6@latimes.com
DIOD237594CTJPCA93,jrossetti7@toplist.cz
LQTE348433OSAWYI57,agianinotti8@friendfeed.com
OATI160060STATGY51,jcharlet9@ed.gov
PVWK664902IMHZUG02,neyeingtona@harvard.edu
DDUH823928HHHSBN62,lcollynsb@cdc.gov
EIKI961663SXYPKD96,eillemc@walmart.com
CJWQ106181JLVAHJ91,vkowald@imdb.com
ZXVI071991ICJTZC91,awillingalee@hao123.com
LYMF543347HRCMJC16,framsbottomf@ebay.co.uk
VJFZ294515GYARXP65,kkitchensideg@theglobeandmail.com
HUMO639648JRFOLN73,eleafh@edublogs.org
YGJT455399CIHHCS96,aantuonii@usatoday.com
VKMR698507YMGHYP10,bgatesmanj@cornell.edu
ASJB310328ABSDVS82,ebreewoodk@a8.net
JMVJ032507NEXZYC31,ptopazl@cocolog-nifty.com
DITK800449BIESEZ45,tardronm@newyorker.com
KMEZ304806XFCQRL12,cbernardellin@who.int
GXCE069314AQNXNU18,cmalebyo@blogtalkradio.com
HIHO803296WHNSZZ78,nrestieauxp@t-online.de
NWEI881913TPMDST64,ipellingarq@ebay.co.uk
LCKQ621165GXZIBT89,boliverpaullr@un.org
PVTS584647ODNAZF38,bvanyutins@google.fr
NHMJ202468UIQKTU63,elacroutst@facebook.com
TFFM456588FZUJHG99,abiddissu@printfriendly.com
XFFK251027ZFJZTG44,awakerleyv@multiply.com
RPHQ595795IKXHNC24,adictyw@foxnews.com
VCFB313093ZHFWAM10,ltomasinix@opera.com
WJVL819663WJCGUF65,lkittemany@surveymonkey.com
YYIA752301GFEHNX21,nlivseyz@domainmarket.com
XBEE038039CEPEMA17,btwitty10@reverbnation.com
OKXI981404YDEHZW60,cstealfox11@mlb.com
LMEC809072DCUACV04,egawith12@opera.com
FYMG395268GAMQCD09,ppurver13@dailymail.co.uk
YWPV219015UHCNXA89,ghighwood14@imgur.com
IAVP287795VHXXDO21,gclulee15@bandcamp.com
KOEK802073ODDXOF40,dheasly16@t-online.de
DDIL379719WQWVBN65,ckirtland17@ovh.net
XBRY085445YSQKLY38,dstait18@paginegialle.it
ARLT693026ZBIWNT94,botson19@yellowbook.com
VVIJ870123JOXXOZ97,bstlouis1a@smugmug.com
EVTM079960EBBABV15,zfluger1b@dot.gov
FSIE459985FBXPKO50,mdell1c@list-manage.com
OPJV127207QQCIYF39,emartel1d@qq.com
MFNR634709TODWEC74,rcleobury1e@macromedia.com
EXLF662077GJZODX04,lgerhardt1f@squidoo.com
DTTB279535CWFDHC36,ebunton1g@msu.edu
SCUI173392KHABUP09,wfilan1h@yahoo.com
BMFK584985RDUXON42,bdanielski1i@opensource.org
JUOH138023YSEHZL13,csinnett1j@exblog.jp
LNWE402548BUVACM67,gsleford1k@japanpost.jp
MOBQ406774GYUNRG21,bamor1l@example.com
WVHB805529ULPYCE05,mgiacomucci1m@latimes.com
NSFY929043USEPEJ60,sreuble1n@networkadvertising.org
XEQW559874VGYMYV87,cleach1o@census.gov
SGMD727203PNHWIZ27,mmoynham1p@cdbaby.com
FZMA031131GFSKVG29,bgeaney1q@csmonitor.com
SCED084724LXGKPW76,mdemattia1r@topsy.com
FEOM200936UUVCOS47,cdyshart1s@hc360.com
SOCO635942EGICXQ96,hbrent1t@ezinearticles.com
NYWE133138PJSSLD33,dmactavish1u@nba.com
IBTH491819UOERGO76,isnalum1v@vk.com
PSLJ893228FPTSMZ94,relintune1w@senate.gov
WXAR294688GHONON30,gdeegin1x@prweb.com
NOMB068163OKHMIX31,lhousecraft1y@trellian.com
ZYTR041778LNAKVU12,gankrett1z@prnewswire.com
AUPQ351692YXKGCX54,svelten20@purevolume.com
FNBD104348SYLLRF33,mmiroy21@nifty.com
KCMN880358NLKTNR75,blowsely22@a8.net
MABZ529419VILXLM68,echidgey23@ucoz.com
DNIL974716RFUYQC47,vconklin24@utexas.edu
VDWY755266JKWVVO31,mhardway25@msn.com
YFVK661983QEFFSU71,traycroft26@unicef.org
RRWT776126KFCYHW35,evivien27@google.es
DECL135831TNVTKT87,elearmouth28@github.com
WWYZ920316USULSO46,rmenicomb29@irs.gov
EAIT862394RYFPLJ06,cdureden2a@dropbox.com
LZFV087848MBWIFF13,etesimon2b@illinois.edu
ZZWG481847NGMFCB35,tdrover2c@biglobe.ne.jp
RBFS502130YYHIVU93,lcrayden2d@thetimes.co.uk
VBTS131239LBRRZO36,tsute2e@a8.net
GWEW042128BVJYLF72,ytitchener2f@ed.gov
DVOC266508VOZGJE35,adeinhardt2g@intel.com
EZMN458374ZPKULM61,dmurison2h@slashdot.org
BPWR812509QCWTNM83,wlory2i@engadget.com
KEUT233395HOZTGN85,hlaughrey2j@wix.com
HKML005081JFBMFU18,tgaylard2k@amazon.co.jp
JWEB460207ZBHLXH32,tpicot2l@github.io
QZAL320645WMJVGP22,candreucci2m@altervista.org
JMCS069600OYWQCA04,sstockoe2n@businesswire.com
JYNF267253XWKBLB60,ppollastrino2o@cyberchimps.com
CODA467980EHXYNF57,skeeffe2p@mit.edu
DFQN005409QZCMPZ89,iiianon2q@mozilla.com
LCRX956190CMUIKV20,ebowart2r@imageshack.us
IDUR948099ASHQSG59,mkirkwood2s@sun.com
SPOQ071080SFYWYD70,jscroxton2t@mapquest.com
EKHK668174XKWIGQ92,ccrankhorn2u@symantec.com
UPEN842794VZIKRQ08,galexandrescu2v@booking.com
HILV102616OBARUB37,bbehrend2w@macromedia.com
WYZQ897925UTSAWM24,tthurborn2x@amazon.co.uk
VGVC597783GZBAXM66,kextill2y@dmoz.org
DOQY674783RWDMRA98,tmewes2z@pinterest.com
PVYW516318NDUNGK70,fmaccoughen30@geocities.jp
DEJT194043GEEBZV91,ahunsworth31@netlog.com
BTOX750859KKSAUY40,npaprotny32@nps.gov
QCYZ405685WYDSTI16,sbiever33@oracle.com
KEMW351514MFDXNH24,nlonergan34@ed.gov
PAPL012695IHTWAJ31,cfochs35@ehow.com
WNTH606878OVPIMY82,rtoppes36@pagesperso-orange.fr
SWQL005635IZXKIC16,mwitham37@amazon.de
YHOC393908ZHODGH16,rkee38@bandcamp.com
DGWA422014IJLIJF35,krountree39@php.net
CFGB092673SYTTPV75,aavramovich3a@biblegateway.com
ZPDO478408RHCIUD65,ccicullo3b@marketwatch.com
OYMA593083JKICJH82,nrudland3c@nydailynews.com
HLYG920462LBCJBG10,glowe3d@jiathis.com
SOJR628519IYEQIF00,rpetschel3e@php.net
APJT236596RSUDCK90,aslader3f@google.de
FYFK513376UVOKUD83,kcady3g@reuters.com
GTTR925760QFWGHW37,spietraszek3h@g.co
POZV991076MSVFOB18,jobrian3i@nasa.gov
MKMQ972555KGJZTD76,mdeverille3j@earthlink.net
QUAD715854CLBMYX48,pwhiley3k@nsw.gov.au
CJMY825032WKPROL12,datkin3l@altervista.org
SVNF666373UWOFYC75,gbidmead3m@multiply.com
UBPJ920826MKGWEA28,dyate3n@comsenz.com
HYBY521194ASVIUF14,atraut3o@biblegateway.com
IGCP971850SVZWPI56,bpoutress3p@infoseek.co.jp
YWTV256648GIVOVU25,sshilburne3q@fastcompany.com
GEME756892QMCGNP44,amccrae3r@wsj.com
IXEB970537RZVNHM95,spimlett3s@huffingtonpost.com
EIAH480357WPIZKW34,sitzkovsky3t@jiathis.com
VBRU716590KKBTCJ44,ddibble3u@mozilla.org
ZWBS856626HJDKKY65,teardley3v@japanpost.jp
DHSZ714610HRJECA37,cbinnie3w@bloomberg.com
AKPS096087BSYYUL67,hvirgoe3x@biglobe.ne.jp
GEXP258493RDMUCR62,jmeineck3y@yelp.com
QXCR613996VHDMJV16,mstille3z@geocities.jp
YYTN231277RUGCBN71,ccharlot40@twitpic.com
SXYL170974DRINHC57,cdugan41@biglobe.ne.jp
XIZA247776GYHYBS15,jfenich42@tripadvisor.com
TSWY364721PVJYHA88,musherwood43@gravatar.com
WJHU617721WTUFUN12,osimka44@hc360.com
ZSJN565359XLPTCX78,dcorke45@mapy.cz
WDMZ118026SFZGGH97,jromme46@theatlantic.com
KKHG958210LYXYAN65,chalahan47@comcast.net
HXGW034714JFYHQT00,ekulis48@lulu.com
RBCB361757XPHCCA19,mlydiard49@amazon.de
PPIT450475ERAXDH40,mmapes4a@squarespace.com
XXBP852159GVXAOH69,kaxup4b@ebay.co.uk
POBU636159SZAOIN33,hrudeforth4c@salon.com
FGFG673875OGGFJU29,areglar4d@usgs.gov
MMST386953PVUPSE94,kwaith4e@prnewswire.com
RLHC611645MLMORL50,dboothebie4f@gmpg.org
BEXO680211VKEAOJ23,lvasilic4g@economist.com
MPBL342637XEYEXE87,bcarnihan4h@g.co
XQTW766480SGWAHF82,celsmore4i@noaa.gov
JHYT417050RIXBON18,ddanielou4j@zdnet.com
GUOW277502FTPWNX66,kshenton4k@auda.org.au
SVNP794360OTNGKO96,kstevens4l@cnbc.com
JAUA895732VQDCUU21,ehalfhide4m@princeton.edu
IQIR301388CWIROL62,bbrackenbury4n@imageshack.us
JKPH089865WNKXIP76,chubbucks4o@who.int
GIPW347465CHNWIR80,dgillicuddy4p@typepad.com
PEII523372ECFNIP13,mminithorpe4q@networksolutions.com
ILYZ641199YMLXDC02,alestrange4r@cargocollective.com
OTHH484189ZBATMN81,rcarcass4s@de.vu
ASVG936753JYQOFA13,mjacqueminot4t@usa.gov
EMRC998871COMQQB84,pkiely4u@engadget.com
QXHW318727CZKUGG15,grobberts4v@independent.co.uk
EGZP449453XDIPRY87,cgroger4w@nhs.uk
ORMV909981WXTKOM19,tlaurencot4x@gravatar.com
VVDG928430TBMBIS71,lpetzold4y@360.cn
IYFH255570CXXLHH54,sberens4z@ox.ac.uk
JHLA916495HTVBZG87,btubridy50@blogger.com
OTNS500696YJNQPS54,estory51@intel.com
XDHK892113CWSPTU95,sberrington52@uol.com.br
AURD579866DTUYLM37,ctansill53@istockphoto.com
IEHH454516SPKBDC36,elinnitt54@tumblr.com
LQZP312708JTPKPT25,vhallatt55@posterous.com
NRXJ189009SOZDBC80,adowling56@independent.co.uk
KECD590600ZDUIEW34,bgaule57@mayoclinic.com
FUPY116908QOHFGV06,nchittock58@slideshare.net
LBST974926XSJBQE74,aabbiss59@blogtalkradio.com
QMPL042537HBUOTH36,eshovell5a@ftc.gov
IDPG110720LJVDDT93,dlabdon5b@oracle.com
RENJ149573ARJQLC53,aspringtorp5c@constantcontact.com
GGPZ131190UEAEOG27,lmccoveney5d@nature.com
YSAE745178SNRHXC25,gfeild5e@discovery.com
BXIA323029ACRLDR91,jgiacomazzo5f@fastcompany.com
PZXZ238739RIBIPZ15,crudolfer5g@oaic.gov.au
HXBC893267MSQIEY06,mcunnane5h@themeforest.net
GUVY416925KSKPAW47,gtweed5i@purevolume.com
WAGK502461JHUXDL88,nbote5j@npr.org
UEXK767930GOXLPG71,gbirnie5k@bloglovin.com
ZWQS883576YHKMEQ73,kscates5l@lycos.com
FRNL014210FDSNEH08,lyouthed5m@yolasite.com
GGXL992079CUZBSD81,dpainter5n@state.tx.us
UOXN396728RUSFTN38,lthornley5o@sohu.com
NMLE204510MLHBWF25,abernot5p@altervista.org
BOTW273210SYJIOS44,mgethouse5q@wikispaces.com
HGRA092886LCFXYO09,pjerzykiewicz5r@booking.com
SXVX749852IUSMVX22,ioscandall5s@yahoo.co.jp
RPUX728209AWUZGJ61,fcoils5t@cmu.edu
IJFC062141ONAGGI85,jknewstubb5u@jiathis.com
ZICH983116FLLAUG54,vmunkton5v@omniture.com
IHHM762321NKEKOR03,lferreira5w@google.nl
VCWN197579LMQCKJ11,jheater5x@surveymonkey.com
HLVN978714UKOEGI64,lfrancescozzi5y@eventbrite.com
JOLD839753NOTPIZ85,kwindress5z@wiley.com
OCFW373131TJLMHZ28,aphettis60@upenn.edu
ENQG155920EZICRE79,swellum61@example.com
AWNL703702BTMCKB54,phasson62@virginia.edu
DXWX210232JZUYIH44,iuden63@archive.org
OKKB286073UZAMFK74,dcornock64@jalbum.net
GZKE720283QDGDXV23,rcaldera65@marketwatch.com
VVBG007983TOGTXA77,bschott66@latimes.com
ERQU292174CRWAOY87,pbettles67@goo.ne.jp
PUHV070576APWCQI96,ourridge68@marriott.com
QFBT577658JXNDJP60,tyallop69@timesonline.co.uk
BGVU099479SIPMJA68,kcount6a@1688.com
DDAF635025BZUBLP48,eduiguid6b@examiner.com
QLAW206275YJDAXO29,arippen6c@ftc.gov
ODHF755175PHMWMH67,htoffolini6d@squarespace.com
UXUL907812BUMBUQ82,scardwell6e@woothemes.com
NDVT746725GSQIJI03,smcgunley6f@flickr.com
LMMX506474LNLUGC09,acawdron6g@taobao.com
ZPZK502947LUIZCL61,nberinger6h@businessweek.com
KCYT661952ZUNFZP93,tstredwick6i@va.gov
YKKQ597185HKGGSS58,adesaur6j@cbslocal.com
WAJB083601PCIMWP23,shendren6k@addtoany.com
NLCK829431HAWXET73,dniset6l@biblegateway.com
TBRK471248RRAUHR37,mmathewson6m@hp.com
SLIB807117NOFZFH58,ltrail6n@taobao.com
WJEW800640ACHDKU73,bhaccleton6o@t-online.de
ULTP190454BCTXAZ88,mmackessock6p@jalbum.net
ZWAJ727881STVUMJ37,vkeyho6q@oaic.gov.au
IVWW286891IVXWDL21,dslatter6r@cbc.ca
CHPM353682UEFXQF47,rmate6s@blogspot.com
KTWJ846977NWREYG68,scherryholme6t@dailymotion.com
KBUC670308FHNIHK02,rpovey6u@multiply.com
PKYO182384GUJYTW88,rbrittle6v@flavors.me
QVWX865434GNDHGH72,rdalling6w@si.edu
LLIC314473BWGJDI73,vpiddington6x@nytimes.com
BCAT916022MPPZWI33,gheersma6y@noaa.gov
ZXAB908153ENUFHX54,rwallentin6z@bbc.co.uk
DAYN653887EBWXWB71,jbrigginshaw70@ebay.com
BTAX697061WJUXYQ80,eellen71@yahoo.co.jp
PLKE164495RBXJPK28,aitschakov72@hhs.gov
ZKVS632830FNRKSW93,rcolam73@free.fr
ZBAK632311YTWPRC29,yferon74@ezinearticles.com
QPMB607171AYYMCD78,jwickrath75@techcrunch.com
MFMP016947YTPGGZ53,shandaside76@ftc.gov
IUPV818826WSBUAL92,cnapoleone77@deviantart.com
IMRR186061MXIZFQ66,bfairhead78@amazon.com
NFSQ130386LBRZBG93,mgrissett79@zdnet.com
VQCL910176NSAEND19,wgaynsford7a@ocn.ne.jp
BOPM921912VUUWYP47,cghioni7b@zdnet.com
OOSC374006TVCAUK58,aleeder7c@smugmug.com
PZBH617571HJCAKB34,sgoodspeed7d@e-recht24.de
OGMK334897MOXLQM13,vhaggerstone7e@nih.gov
GQAI760456ESRNED01,ggibbe7f@etsy.com
LMPI308006FRINJV60,ydigwood7g@icq.com
WEER824413SZISBZ99,keyre7h@umn.edu
ZPVS473451MBTVZU77,abritland7i@cnet.com
ORWM297228IROKLL95,gdikels7j@printfriendly.com
LYMW190541NOCQMR49,lgardner7k@wunderground.com
NIWB656413YIVIMM84,etrusler7l@goodreads.com
OCEF188421WNTHDI50,csissens7m@reddit.com
VFPX009657VOXMYD48,wkick7n@dropbox.com
NMBE993686RVRFHW55,wskiplorne7o@boston.com
TDME013667VHINFQ29,ntrembley7p@utexas.edu
LSDA820091HJJEZT76,asanpher7q@forbes.com
YQAS442545AATNKM10,mbeyne7r@jugem.jp
BIXL622851THYPEM02,ebaly7s@upenn.edu
XZAW001874JNUHUK10,cbatram7t@google.com.br
YNVB873465QPUNOO09,omacgillivray7u@delicious.com
SKPS886755JINTBU89,bdunrige7v@nsw.gov.au
DTHE685631OZAYEG23,dnutkins7w@smugmug.com
BWYR311731VQEAJU91,asagar7x@stanford.edu
UZEK070775DTKZSB56,chalm7y@boston.com
QMSV888549QAVCUJ01,cblandford7z@virginia.edu
EKNT936692AHLRMA99,iwiper80@dmoz.org
PCXJ189437NGSQVH32,fferre81@discovery.com
YUSF543691TCPLTH83,mstiffell82@tmall.com
XVGB369682IDIONC27,hbrookfield83@acquirethisname.com
BPDF746352BSYMDV07,elantaff84@constantcontact.com
EQFY205446CYXJCW43,vlemm85@printfriendly.com
ENMB681949IGMOES18,vvasishchev86@answers.com
CCPX773939HDSYII53,clakes87@economist.com
EXFE778776SCTIRM12,rtoler88@360.cn
UDTR971679THEHWC23,gscorer89@disqus.com
SYGW617063WZHSMM78,lcroisdall8a@istockphoto.com
DTUA035206RRLHRF86,gfrascone8b@nhs.uk
OGSP252877GBTMSW53,ehovenden8c@github.io
DXBL727157RJAALO36,bwyant8d@discovery.com
HTIZ289437VDBOLN24,rfishburn8e@weather.com
FKOT176775GTSZHX74,lsteedman8f@nih.gov
FAZD893513SNESEN41,gstaries8g@boston.com
CRXB716672CSNKOB61,clantaff8h@github.io
MNUQ410660SFIVII12,bmassingberd8i@weebly.com
WJBI626993KCMDAB80,sshortin8j@usnews.com
XHXU010234CBFVAS99,bstedson8k@amazon.de
VIGS996667PFAUFB20,kscourgie8l@ucoz.com
KQEQ844500ONKXCU60,ewhatford8m@tamu.edu
PKVG867039ANCLQG12,mpafford8n@goodreads.com
NTDF554078EVVOGE21,mould8o@privacy.gov.au
VYDS648063KVZXVI67,rwarlow8p@webeden.co.uk
YRBD617465AAMGQC72,rgirodias8q@behance.net
YZRC963694ZUDYLL60,tluckcock8r@feedburner.com
WZKY773258HNUPOY32,odanielis8s@example.com
AFXP187754ACYWEZ09,kdumbrill8t@hud.gov
BIJU391615ZAGPPR94,mbenois8u@blinklist.com
IVTN722384TZSEDG58,dtrengove8v@ca.gov
WFKA282032GDGBOP93,okeyho8w@tuttocitta.it
DNAA654048AWBOWV90,slinstead8x@google.cn
UKRD098486TUQXIP11,tlistone8y@dailymotion.com
RNMV732861EXQNXN73,ecubberley8z@soup.io
ENGR227559DTZQIH64,dlagrange90@technorati.com
TWPY033839PAJQXX96,cnasey91@paginegialle.it
QQHK134422KHGYMT30,mjubert92@booking.com
XJYB275699JBEZHO91,ttratton93@salon.com
WFKO186559ZFJTQI30,pjeger94@nyu.edu
KLHG480870OLKONE34,lstuchberry95@cmu.edu
HMFD186190XPAPNL34,ckiffe96@independent.co.uk
NMMG097900DHPGTS70,lruppel97@cam.ac.uk
HCHT314666TAJBIC69,rrawcliffe98@domainmarket.com
QQBE167542PDEXES08,dputton99@bandcamp.com
XGHQ055376ALMDVK85,nconkay9a@indiegogo.com
FWTA967705WBOESH07,mroof9b@shareasale.com
IGSB908638AGRCOG73,ydarmody9c@nih.gov
BUFI241710NGXYKN57,irubinsohn9d@alexa.com
QZLG430795YHVPGO99,ihallt9e@list-manage.com
EQZH763417QUMBJV73,nbraddon9f@smugmug.com
NYPG608446MURUOU93,vlevesque9g@techcrunch.com
DFCO271631NOICIQ79,jianni9h@unblog.fr
SQFK134827PDKOCV37,gpoyzer9i@geocities.com
HKWG339504UPKBTG91,fmerrin9j@google.pl
OJQZ248131FRZMTE46,edeeprose9k@msn.com
QBIQ092464CXQRYC42,ktweede9l@independent.co.uk
PEQO863580TAIHJD10,cwatkinson9m@hao123.com
MRQI909923VOIYQG93,reddisford9n@bandcamp.com
YMXP173442NGLZMM38,mwarby9o@nps.gov
OMKY295443KBAHHM10,kgiovanni9p@imgur.com
WODR377322QTQCGH76,sboatswain9q@ocn.ne.jp
LOPL313342TYSTIS12,nkiff9r@blogtalkradio.com
MZQL596527QTPXTG91,kcaplen9s@free.fr
EAFN870410DRSGRV00,tpinckard9t@slideshare.net
PJVW302856QECDFU70,kbullas9u@yahoo.com
ZKHH192821KKBVQW51,wtonn9v@discovery.com
IRQS165279DDMELF83,twingeatt9w@census.gov
HKDE498168HWOJNI10,flethbridge9x@wp.com
WCIF039481OPXMVG41,kgettone9y@soundcloud.com
XTKO662023VOTELK44,vdavidovsky9z@columbia.edu
PQXU064898FQEVZQ64,lleedsa0@weather.com
XNJI824831DVBMED33,holiveiraa1@flickr.com
QLVY338032DJPTEO69,lbrusbya2@wordpress.org
WKJY666978IKOAMU93,mmckaguea3@utexas.edu
LRMU190374DLEPBU38,ppinckstonea4@craigslist.org
TDHO675610ETLXNK07,cjorgea5@mediafire.com
UIEF372425QIIFRN35,npercya6@mapy.cz
YWHT146199NQMUOT09,dmixturea7@apache.org
YMHY959722IZFJJP07,hkubasiewicza8@pinterest.com
MREP487160HNPXJV75,sconklina9@latimes.com
OOLW646801XOHVDR16,klympanyaa@bbb.org
QQJP528621KEUHBT65,smccomishab@odnoklassniki.ru
YKBP114846OPECUY88,mskahillac@archive.org
DWWZ049862PPUJAA76,spolglasead@weather.com
XEYE768094VZYNTK33,hpontainae@twitter.com
MOWI003529WFQYHM72,ksaggsaf@springer.com
MNWU607001HHETKN11,dhuebnerag@fastcompany.com
MRBQ948931KPGGCE57,cfaltinah@wisc.edu
BMIJ551838SWUYWO07,jhakerai@mail.ru
LXYA030420NOTFHM46,abiggaraj@friendfeed.com
NRLM445908TEEFTJ77,tschirokak@xing.com
YYWH583733CMRDJW07,aurchal@usnews.com
TDWZ329708MWOQCW13,wblouetam@purevolume.com
RBPO076373NUPYKJ46,uhaingean@arstechnica.com
RHXD742431YPMWRQ89,cmazellaao@facebook.com
BCGI074232ICBQYA49,aknowlerap@mozilla.com
VTGS049006CGWMSE64,vburbageaq@statcounter.com
QFFQ269270RITNFP74,mdickmanar@amazon.com
YSAV312568LANLYV52,mdarteas@mozilla.com
FKWD984669HEFBMN37,afulkesat@lulu.com
KWAD987360BZHWNC45,hriochau@washington.edu
UHPS373773RKVUPS52,ecossinsav@smugmug.com
JTTU155249KAQRMV98,lhuygheaw@dailymail.co.uk
DMXB684887BPUBEX70,svasyushkhinax@toplist.cz
EFPB511063AACFTI52,bclowneyay@instagram.com
TQGW464096EDDNYX99,eduligalaz@goodreads.com
IDEW419654DZVKJO68,bsarvarb0@google.cn
HMHR826995PHJKOJ81,ysugarmanb1@theglobeandmail.com
ERWU095373HJILFH50,bchingedehalsb2@mozilla.org
YQUX051959IQEZOC09,csolanb3@blogs.com
TZGP286758RVHBZT15,mmacdermotb4@samsung.com
IQZL964226DPGKAF32,rvinecombeb5@ask.com
CZHI025557ZUFQIT40,nharridgeb6@europa.eu
IMJY431327EMMKOT59,lwigsellb7@columbia.edu
LZRF696179VSJWOL15,lglaumb8@furl.net
HERI655108MHMOEA49,estockellb9@timesonline.co.uk
NTDU893005DESVMS46,sghelerdiniba@google.ca
KTLQ674906SDIGGY44,vtoopinbb@microsoft.com
NLAK973358HQQCMJ20,mangelbc@smugmug.com
GVGS547410JFHDCW55,smccarronbd@tumblr.com
HRBM212250JVDTVZ45,achottybe@dmoz.org
VIVC037383BPYBJO18,pkearnbf@freewebs.com
KRIO074364FPVKVB38,ktsarovicbg@sohu.com
AOKP165301JUSAIB85,lquaintancebh@amazon.de
MYDG221962GDMKEY66,llabusquierebi@google.co.jp
KPFA377913UAXRCF16,apretorbj@latimes.com
JTEK139478EODRRR53,shucksterbk@spotify.com
STIS755209MQFZJB19,agillettbl@sakura.ne.jp
HDHQ235893PIVPVK21,ppablobm@aboutads.info
MHPE601430YBNHIS00,eainsleebn@ovh.net
SUOF329288QRGQVI75,ldaubneybo@linkedin.com
ISNK308821ZYWQUL35,mfritzbp@engadget.com
TDQO633890SDQYED62,rminersbq@usnews.com
MSHM420107XSVXEI20,rbarnsdalebr@nydailynews.com
PUJQ246478BDCLVC86,cdovydenasbs@youku.com
PWPD950954NJBJZS53,jradleighbt@wiley.com
BMZS450902UCIFDD35,vpughbu@devhub.com
PRAQ225439RXGIQF14,adrewrybv@pagesperso-orange.fr
UORU016863YKAWGK84,bmcquillenbw@github.com
FMVI933011TONVHN78,gjoderlibx@i2i.jp
XHDX373830JMVCNO50,agrevattby@vk.com
IJYD283737GUTAZO87,rstorahbz@dagondesign.com
BRWE081780FSRQLB08,cnicholasc0@qq.com
NXYH630110QBJGRH50,fsemeradc1@jiathis.com
GICV575050QFHFXB75,hhawtonc2@ustream.tv
EQZP903108DWZZRE10,gbisattc3@deviantart.com
EHQS237169XJSKEZ91,hjellicorsec4@wufoo.com
OZXN522453YTYKHA83,mnethercottc5@soup.io
ZDMY138525MVULKM54,bsidryc6@java.com
JFVS037467HNEQWX58,mbelsherc7@cnbc.com
FZHB299061APXBWN24,gpickc8@slashdot.org
ERCN275493HTETDD72,hbastiec9@flickr.com
HBWF962922IPKWBH43,tgemlettca@amazon.com
GTCE719899ZVTNHY28,ganwellcb@nhs.uk
MWXH461094XCRYDB44,cmacroriecc@youku.com
XPAK832553FMHAVC14,psnoddencd@businessweek.com
NBYK009341MWQSNA20,fsultanace@sun.com
MMOE924205JAMRIQ78,hbruntoncf@nba.com
AEDL371022PPCBJB37,dhenkencg@dot.gov
NSBX387274SWBXBY03,jporrittch@cisco.com
SONL158432JCMULK27,rprysci@surveymonkey.com
LEWW164119IKQSVE28,pspreadburycj@jalbum.net
DLEW938334EOJPOA09,hhanssmannck@multiply.com
OKJT851450IZKHJQ28,ilowethcl@msu.edu
HLFZ465330STOUYR12,dcoakercm@privacy.gov.au
KBBS799924THZMDD81,tgreenstedcn@sbwire.com
XMTJ316718HOMGUK87,egaggco@a8.net
GAQO846344RJYDBS16,cjanakcp@bandcamp.com
ACUK911633QIMWJM29,lmuddlecq@geocities.jp
IYUP479106IWQCPQ88,rpeckhamcr@freewebs.com
GDAC368473ZRXUOV21,npacittics@si.edu
FUTN058700TEKKFL18,fpuddinct@51.la
UCIO665543OWDLTW75,gbucklercu@blogger.com
QNXV866987VHNVXY87,enegricv@theglobeandmail.com
JCXK832930ZNNSXN95,hcoulsoncw@youku.com
ERIS518932CTSENG83,pcastrocx@biglobe.ne.jp
GSZY225736VAJWYS83,iwyburncy@nytimes.com
PKOV538952TSJZLC93,rcuthillcz@tinypic.com
AMIT770822ZQKBPZ93,rstowd0@eventbrite.com
GCKK461933KKMEVL94,rloraind1@mozilla.com
WTEI224253ZZWILK98,aakisterd2@geocities.jp
TJCJ237008OLGUOB56,gantonovicd3@altervista.org
OPMN582449XZCIRI32,dtrubshawd4@wordpress.org
PLSD482129SJIKGC14,dfortmand5@china.com.cn
GXHF153095DZNMKU33,knoiced6@wisc.edu
OZBC420249KRUNQN78,lsarfassd7@github.io
AQFA825046LOETYH74,lbankhurstd8@i2i.jp
JZTR906828XIDNJB72,wkeffordd9@ehow.com
JBDI345301OHGEOF26,dwithringtonda@a8.net
YWVF218542MJZAQF63,fkenryddb@meetup.com
KELN699807QIAIFN71,ihassindc@free.fr
WURA154841VBTJLD95,tmacalpinedd@epa.gov
WROE398841EAWTQM17,llimeburnerde@meetup.com
BEQC825021UGFOQF85,jmacvanamydf@gnu.org
XNFP697095VTFDXU04,tcayledg@paginegialle.it
GSXN440312ZOPNWJ86,elandondh@seesaa.net
XEOJ957488KXBBLM79,bcrowtherdi@delicious.com
UYJA397158OODOJA75,tplayforddj@nsw.gov.au
BMXU816427TGSNLY93,bbilliarddk@phpbb.com
ZMIY636939JTDLVX86,tshilitondl@kickstarter.com
YDJV922475WRZDYN37,jlowesdm@earthlink.net
HNLU411841GHEZDJ99,mtompkissdn@surveymonkey.com
WHKL572168ZWOLNR29,ringlishdo@odnoklassniki.ru
MGTT247034FABLXI79,wallchorndp@wikimedia.org
WZCD483134TBGYKX68,gbenthamdq@istockphoto.com
GJYS469974FISFTU65,sbrownliedr@nytimes.com
TVQY704141MHQXOU57,rcharrierds@pen.io
BKKC163678DJTXBN68,mtackelldt@artisteer.com
DMYZ621071ECNERS78,aleverichdu@comsenz.com
LOWM204932BANZHF81,lmoretondv@japanpost.jp
AIBO916629DIHRVA55,zdjurevicdw@barnesandnoble.com
BZPD844566WWACKV97,tlovelanddx@merriam-webster.com
MIHA405191ZGUDKC35,mgarydy@wsj.com
EXVV922866LFJUWZ24,mmanbydz@paypal.com
AKFJ534005DHZPIL06,ccordene0@bigcartel.com
DPIT913082RZYUWV46,ncammacke1@google.pl
OVLQ496451GJZHBZ39,eforree2@who.int
RFPA691048YKBZCN89,omoffatte3@ca.gov
MTHS502604CUXXMQ09,mdespensere4@naver.com
ZZNG197412VANUSN86,dscreache5@arstechnica.com
TFDD482328BKJRAU38,apopelaye6@instagram.com
ZGOR592052YOBSMQ03,cdeathe7@sohu.com
MNWO670632QKRDXW88,rspeere8@cocolog-nifty.com
ZTAI039936HHIODQ60,astrutee9@slideshare.net
GAMG555646UCGSET28,mavraamea@nytimes.com
DSBV458826PHICIR83,wadamssoneb@cisco.com
MQBY720580OLMCPQ42,bargraveec@people.com.cn
ORYG525444UISOZN02,fvigorsed@posterous.com
SASR368637FYGWCM88,dkaminskiee@hibu.com
VBEC895156CYBSSF54,gcurmief@un.org
DZIN788550YNNFHF99,tstapellseg@list-manage.com
HXCO215588AGKACD84,mzanellieh@nasa.gov
QYSW896009JLODFO51,rwaneei@github.com
RSVN003636GYMUKA27,dbullenej@flavors.me
MZPK981983EYYMBI73,tgalbraethek@miitbeian.gov.cn
AQTB547663JLWGBV40,cfearbyel@youtube.com
HAZM475163ZTAMNB54,lmccawem@google.ca
URBZ764182EQEFVJ30,mdroghanen@trellian.com
AKBY091184WINXJZ86,pforseyeo@mtv.com
TUOM995907XYJCOI25,csweetzerep@unicef.org
GFFK115821UFMLRD79,msimonseq@soundcloud.com
WCPL758546FRSXOC68,eguiduccier@behance.net
SDSE713801WNPBLR19,psidwelles@google.pl
DONH070725WSIZJQ09,cflelloet@unicef.org
XIIY431219LGYKAC14,gwaterwortheu@edublogs.org
MWFN395656CCOLAQ22,kradenhurstev@youtu.be
MDQM653149MUENSY54,glinhamew@360.cn
GYCX208157BULOJB42,afiddemanex@redcross.org
PTUI775588UEAUBD81,cleederey@live.com
RTDV836169UMTLNC95,nlinceyez@google.ca
YOSN329728ZWFXFG09,mfanthomef0@amazonaws.com
FVQR869091WTKTED30,mdzenisenkaf1@phpbb.com
VQFD333573BDJPZK65,climbrickf2@msn.com
WXWW782405ETBPBA33,adallimoref3@whitehouse.gov
BRIO002152XLRWUN73,flefleyf4@businessweek.com
WDCV589551GCSLPG38,scrosbief5@free.fr
CCGW986804KXSGGG01,eavramovicf6@samsung.com
ESAD904713RZCLMM72,pbreedsf7@jalbum.net
OQGQ424780BJLENM31,sjunkisonf8@oakley.com
IPLR155663LOVLMN59,rdeperof9@java.com
CGBA180756HSOPYC57,lwingfieldfa@bandcamp.com
WXCG681129BEXWFB12,psmeedfb@adobe.com
EILS338652FQUXJB55,mpetrillofc@fastcompany.com
IBHP642768HXAZWK20,cyegorkinfd@bbb.org
NFTR060993GFMCAJ57,edevittfe@state.tx.us
SFFN069981YGITAJ00,amaccostyff@columbia.edu
SXMC831582IDYXKL86,pcutbirthfg@nih.gov
DLHB398131ILGJDJ53,lbentsonfh@mapquest.com
FBYO314809IRMCUF11,gdenysfi@independent.co.uk
ALNG417931BQOMNE98,dsegarfj@cargocollective.com
CJOZ610860NFAQVL71,mistonfk@seattletimes.com
EXKA662640NNKSMU38,lflewfl@independent.co.uk
BHSA451059QCBGDP68,amargeramfm@4shared.com
UVRU991122EDTSWL34,trodgmanfn@diigo.com
RKIU785495XKNWLQ83,jmclanachanfo@e-recht24.de
MQAY960335RIPGYS89,mfaddenfp@yellowpages.com
ACPB644268IQXXTR44,jszymanskifq@clickbank.net
HMFF058803OHWZNZ41,eprobatfr@zimbio.com
FCOM198682GUYTKR30,dlawesfs@typepad.com
UQDP893863ADYBRI26,tarmytageft@bravesites.com
ZWXG948827CEAOVB63,poadesfu@pcworld.com
NJKK625685ISAELH29,callabushfv@creativecommons.org
UTTE103003DENQOL23,msamberfw@un.org
FKPT834691YYFKMX42,gfolkerfx@virginia.edu
ODLU954281JPLCTV56,dcakefy@elpais.com
JWNN586023XDMIBI00,gfranksfz@accuweather.com
VWBA195007ORZGXY37,gdenysg0@acquirethisname.com
BNOQ630408CYZPOV45,klearmonthg1@berkeley.edu
DORR495240MYMIKM60,alonghorng2@cnbc.com
WRZZ917445YGNKDF28,lvereyg3@51.la
LEMZ974975IIVKAI44,awankling4@printfriendly.com
PUXQ264472DFNXTM22,ahaglintong5@time.com
GGQV479769WIUALN89,pwaddieg6@utexas.edu
LOAM253586VHMMDF02,crameauxg7@mapy.cz
MIWC506717ZXORWG90,lgritsaevg8@barnesandnoble.com
QEYT902366PSLHIF55,ssatterleeg9@epa.gov
IYKV330979PEVKEW24,bjessoppga@so-net.ne.jp
ZDLU190669TZWIFX72,dmoundgb@mac.com
MLRV448518QGRXQP36,btomblingsgc@spotify.com
IYQF489382WOAHTS63,jtoegd@sfgate.com
OLSB675270TZIMUB81,mgullanege@mac.com
VAKJ787454AZYWON82,gcurwengf@about.me
TIYE573073GAICTV92,vlafrentzgg@google.pl
GHFL950554PODIKA87,lwardelgh@rediff.com
NIBH434915AHNQNE30,lattwoolgi@free.fr
EGHG129520FRWSXD38,alemmergj@narod.ru
LALH170942XFYRLJ94,aalburygk@wsj.com
LWSJ870067EDVRYU85,fmuldowniegl@washington.edu
SJAI659750PAWVRN00,achipperfieldgm@amazon.co.uk
AODT192129TDBHGM37,jmellenbygn@hhs.gov
JOXA068304SXYTYY00,clinfordgo@google.es
RDIU054203TUTCFI42,aferneleygp@homestead.com
MKMY632493DMDVCX78,dcattersongq@twitpic.com
NNWL675983VTIGDA23,rcranchgr@nature.com
FJZB276815KOIHVB38,alaurentinogs@google.co.uk
OYUY172294HHHVUZ81,acarriagegt@kickstarter.com
XUZP091971VJBVNQ21,tdrogangu@wikispaces.com
UPLO159903PVMOEC05,wburdsgv@nbcnews.com
AHOQ740833PSKYJE35,plaughlangw@yellowbook.com
DDRH778835QCPDLI13,fbrennongx@state.tx.us
ANTD069867OVVRSM33,acattlowgy@4shared.com
ABER725462JABTUL11,drouthamgz@intel.com
IWJX364045ZFCPFZ13,nscullardh0@last.fm
JAZC449920FJRFWS57,tspottswoodh1@geocities.jp
FJFJ819966NKLMYN42,lhugonneauh2@utexas.edu
ZMAK651113CEBSBG02,agunterh3@google.it
CPQV812097CNHXNH42,cfeatherh4@java.com
OTMP600946BMOJRA44,adeniseth5@sohu.com
FEUX870556ZXISAV53,ggolsthorph6@timesonline.co.uk
WQVY766359ZUELTM66,amalamh7@mozilla.org
VGST533096IBNZLY49,dmebsh8@ycombinator.com
UXWW238378MZTGAI75,tfilppettih9@unc.edu
TZMH743281CYIFCD82,jlayfieldha@sciencedaily.com
MRIG790606YBYHGW26,dwestrawhb@cornell.edu
ANEP046606CCOFTJ37,eumbershc@simplemachines.org
XOSU757459FDRRMB35,qodhamshd@oakley.com
PBGN672120AELYHU46,swalshhe@psu.edu
OSCR308538DYHNIG19,nluggarhf@amazon.co.uk
PWAE036037BRHAPQ97,asandellshg@i2i.jp
GBCQ537993DOVLRV93,aciepluchhh@t.co
CUDJ120999GYNYWR25,planpherehi@plala.or.jp
EZQR080905OEMQRM37,ufaudriehj@comsenz.com
TKPP676153MSFFAN51,abrownjohnhk@ycombinator.com
ZTGY912022ZSMTGW70,frimerhl@dailymotion.com
GUIV625925WPDLKH29,sburbagehm@cloudflare.com
JVWP754712YJXECG17,mgorthyhn@istockphoto.com
KCCW154150EBLPUV76,pmurdyho@wp.com
JNIT687735HJNWBX65,temlenhp@businessinsider.com
PMLS997315RFFGLV72,zjeppehq@imgur.com
KWYH000347JFGPUN88,lockendonhr@abc.net.au
AKJP694084VALIFI46,lkoselhs@arizona.edu
TQLW538612RVZEWA35,fshelmardineht@jiathis.com
MHKM235472VGYRBF27,mlafondhu@sbwire.com
FJCA808144MBIMDE40,dcraydonhv@pcworld.com
MNDK166136TPFFFW22,klautiehw@cdc.gov
PEEI366420NYAAQI32,spennazzihx@google.de
NBTS323493SGXZRR60,gsemonhy@google.com.au
AKNK393099QBJRKM94,lsieurhz@accuweather.com
XDTY072987RSZWXI98,acastreei0@ucoz.com
VEVK468420ZKWBZL38,rbraunsteini1@liveinternet.ru
CGMG204633HBHTGN93,wbrandomi2@github.com
HJGM027972YFMJDO34,ypalliseri3@wisc.edu
RJYX830172GNILTW61,rmclernoni4@ifeng.com
AHQE434423EPRMAJ91,pwealdi5@utexas.edu
STGK130667VEUAUN81,hmynetti6@epa.gov
QVOA915613IBOJFY70,dsaunderi7@list-manage.com
ZBGG382048VXPHWR23,sstrowthersi8@cnn.com
NOJR336299XKYOTB04,ebenyani9@usnews.com
LZGC974311WUNMRW62,lrambautia@1688.com
NRVB029334MLCJDG99,bmuirdenib@columbia.edu
RIFK365048MBMXMJ09,fapplewhiteic@miitbeian.gov.cn
UUOQ511104MSLDIS27,wtorrieid@comcast.net
QVZS550938GPFYOW80,cnewickie@wsj.com
SLLZ924493YTRAHZ14,shainesif@simplemachines.org
SUZM856114LGDZTU41,dkowalikig@xing.com
EPLI195141LNNANA02,gfennessyih@slate.com
DWZY021622AMJMEF33,gcresserii@paypal.com
AUPG452957AECOMG48,vparamoreij@sun.com
OCDQ387064ZACYBE72,lparradyeik@auda.org.au
AIAS208212TOIYEL60,lkissockil@fotki.com
CGFA582298XXOADK64,tcusiterim@tumblr.com
PQZW306116FWDXFE01,agrelikin@wordpress.com
VTIR660810ARIZXF40,kbellisonio@illinois.edu
CRWK615876KDVPYN60,bhoovartip@cafepress.com
VXLC818999DAWALC56,gshortelliq@tripod.com
MRPI778217TFKMIQ12,sbrydonir@salon.com
GMCF074007ORXAJM38,cblunsenis@odnoklassniki.ru
RUHB804590RCLNIE52,ibeathemit@wunderground.com
LORA607100MNIJTM60,dkytteriu@instagram.com
HQZJ105978OSTOXB67,yollarenshawiv@nytimes.com
MHVA497561GBZFMB92,cfreyneiw@about.com
XQNO069457MBBGAX60,rblakelyix@blog.com
GSKT277055OVSXRP67,sbaulchiy@typepad.com
ROVI598042WPKXKQ03,bburchnalliz@infoseek.co.jp
AEEU270955DGJPHA30,mbaynesj0@symantec.com
ZFHF202952TZNCPJ68,dbailliej1@netlog.com
THSS853642OOONPV13,ccodlinj2@nps.gov
CXLP054932ZIQVWY45,dkislingburyj3@is.gd
QACS891520TSYZEX33,obalaizotj4@canalblog.com
ZHKN307127XJWLMS84,gsmowtonj5@live.com
QGQB486761LPCSQR11,lbricketj6@usgs.gov
XURM275818RTOXXX93,gsmowtonj7@mysql.com
NBMY820883OERNCX06,gucchinoj8@biglobe.ne.jp
IRVG397206ANLSVZ20,cokenfoldj9@livejournal.com
IGOK128854GESCDB71,cbackwellja@pagesperso-orange.fr
HKJH483981PIBQEN04,etraskejb@walmart.com
EBYE839851YKCGOY28,elyvenjc@dailymotion.com
DOBW631752JYLSZC70,csimmensjd@opensource.org
VDMJ143346TKUVPK12,rdykinsje@wisc.edu
KSUY479381MGNHSW43,dsympsonjf@gizmodo.com
AWFI541156EWORYY81,gfilbyjg@latimes.com
QQXV207204QTHVQT51,ngrzeszczakjh@usgs.gov
QABS825265FTMGWA71,gginglellji@army.mil
OINX232459LORDZG55,gblacklidgejj@yahoo.com
GRHF019672MWXHTA58,clandrieujk@abc.net.au
WHRU279300PXEAID04,ldevanyjl@google.fr
OMDG667369YHPLGO27,bkorbjm@qq.com
OORJ769971VYLQUN77,anuttalljn@ustream.tv
PIMF571285RAFLQX11,ericcellijo@addtoany.com
ONCM689417PDALBO21,hstreakjp@ucoz.com
FLEX931775TVLADB02,ksigertjq@independent.co.uk
QFRN116927KWKIFF24,ccostenjr@dropbox.com
ZYOJ131101ZYSKTW74,wcornillotjs@fda.gov
CDAC560396LMABKC70,etripetjt@salon.com
CWAO396315HNCTIG66,kanstissju@xing.com
KJIH377696KCAHBO86,jabrahmovicijv@google.co.jp
RZJG605179UWIUXM12,mscardefieldjw@businessweek.com
OICH535507EDKWKF64,whalpinejx@comsenz.com
YNSA304895RHNBHA57,hcarlilljy@washingtonpost.com
RPOE758923FKSILG34,cdimondjz@hud.gov
LNMY830376STJIEG40,lhavershamk0@techcrunch.com
DUWD634414THHSOI70,wpaulotk1@studiopress.com
ONTJ455413COOMBT96,thazlewoodk2@aol.com
INAH612630JGNAPE27,kmursellk3@about.me
CRGZ280892QCHPNV79,mkleintk4@merriam-webster.com
EXFM421310CSSESQ42,ggowrichk5@parallels.com
JJCN087724AONREN38,lfaintk6@accuweather.com
VEYO499991JIEZBW57,jmcconaghyk7@yolasite.com
FJPI362417BAGWTM60,crisbroughk8@ask.com
FKOJ297805SJUZTD10,rdominiquek9@gov.uk
JKCX468460TFWMXD62,mseamanska@fastcompany.com
HJSR544563TOYCVD82,echilverskb@dailymail.co.uk
NQVP353260MYHMGE61,mtomanekkc@edublogs.org
YNJM808889PCBCRX50,rchillkd@jimdo.com
URBN817090FOQUIV70,amacallanke@npr.org
SZPC131328WZCASX12,tacklandkf@photobucket.com
GCMR036955UGMKJS25,cminerskg@seattletimes.com
DZPP656056OVRCOF53,sgradwellkh@japanpost.jp
GFUF539074VDCGVY30,abirkbyki@amazon.com
ZWCL582007JLYRVB64,llongokj@technorati.com
GHKR027784TWWZFO00,smcgerrkk@pen.io
IFZY063441JPXSZM44,asatterlykl@tripadvisor.com
UQUW075019XLVANB53,bvokinskm@timesonline.co.uk
XDCP854216EJMGCG36,tdowekn@hugedomains.com
GKLI547284AMOYNR04,ftippleko@whitehouse.gov
BUPR292009QNRGIO90,afranseskp@skyrock.com
JWZA303187WNGQAR52,afomichyovkq@bigcartel.com
CCIJ552774TFWWTX87,ccherriekr@xing.com
IFWJ632306FTOWFG22,aaustingks@arizona.edu
RZVP642003PPKTWI67,otizzardkt@jiathis.com
LVTN193009KQUMFI33,gvancasteleku@harvard.edu
BKDW999904RUOXAE93,ccovertkv@edublogs.org
OAMG406444JEGRKR44,mstuchberykw@deviantart.com
EMSG786618BOKJTC36,bmoulsdallkx@ucoz.com
XDTS350627JQJVAT40,dtetleyky@reuters.com
CFGS399390QAWSLF49,dkleinzweigkz@reverbnation.com
QDUK856480OETXGU76,hseylerl0@devhub.com
CLBN115649ZXXTVT09,ccottrilll1@webs.com
AOXF576633KOPDRF18,domaral2@artisteer.com
OLNF099253WRBGMB37,smoncurl3@google.nl
XQOC765992WBHIDT93,cscullinl4@examiner.com
TQDH047757GAGOLF88,kkempsonl5@whitehouse.gov
EPAS635534JOTCDT97,dhourihanel6@cbsnews.com
WBCW282357JNYDJV79,mfyersl7@mlb.com
QFOV548556BFKAJA16,akaasl8@spotify.com
AKTN809223EXOJNE76,forrelll9@cornell.edu
MDOW585315TTBTLH82,odollardla@google.nl
VWCG305650AYOMIU75,mkondratyuklb@reuters.com
XLOW555750ORZQJG76,cbizzeylc@bing.com
PCRA997177SHURMO81,atingleld@columbia.edu
UWTL528270ZFUAYP86,ccarnallle@google.cn
JEDM879272XOUMVY71,adanielssonlf@cnn.com
QRQB265878OSIJKL22,csimkinslg@mayoclinic.com
IJKI182539TRRAWZ40,squinceylh@samsung.com
PZNF212127WZWZOH46,ababinli@nytimes.com
PGIM263106KGMKXV52,wbleaselj@zimbio.com
JZOF822038OTVZLG64,arymerlk@virginia.edu
VEOS376759CRAQCP64,obabonaull@vk.com
IBJQ237251OAGJAK25,ppettifordlm@latimes.com
YIDZ492041DRWUWX08,ilaffanln@nytimes.com
CYHE940508UQOYMN04,ddekeyserlo@illinois.edu
STSP621330WHLDIR82,vfakelp@newsvine.com
PZAT269981QEYRBG83,rnewsteadlq@qq.com
MXTQ294547URBHXI05,alongfootlr@netvibes.com
HMHO254913ODKAMB20,rcopplestonels@howstuffworks.com
MWGN508240HUJALP65,bbromehedlt@va.gov
YIZA112296AOMMEI60,mgrimblelu@aboutads.info
XPFM488498QXMHWJ87,gwhicherlv@cisco.com
BDOO027611VFWWSF60,emanderlw@qq.com
GEUX362200KATPCS44,bweeklandlx@vk.com
OWTM940077NLYKEF56,jcroneenly@umich.edu
DKUR948579ZUCMTJ35,zbartholomewlz@ebay.com
RGWK064334GFREPZ16,mlandism0@privacy.gov.au
HIJR233106BGFEET56,gperrinsm1@webeden.co.uk
STTT026242FAXTHF42,jsimionem2@amazon.com
PLVH365776YEMSVB90,dbellm3@elegantthemes.com
MPJQ303423UZMFMJ13,lbullusm4@github.io
KEKN941370MLOXUI51,awelbournm5@boston.com
PFTK628672KDALMU51,msparym6@clickbank.net
YDAJ394864GXPRHW45,lblasiusm7@alexa.com
RYMS836729TCBFSB43,jroyanm8@live.com
EOFR933832WSBFLI43,mduffriem9@mashable.com
GKXU643840LNLFZY63,dgailorma@who.int
NMKF365411ANHRZZ88,cfranekmb@nbcnews.com
AJPA419954NVVRGJ58,bantoniuttimc@ebay.com
OOBK764515UREWAS51,mgideonmd@google.nl
FNTC670924YUXMRM85,fshanksme@smh.com.au
EISZ490323IIZWIE44,smchaffymf@google.es
TTRN611379OFNUPG99,gbrayshawmg@newyorker.com
PFWD354332KDLUZH14,psextenmh@aol.com
XLFV579948QSXYUX97,djackalinmi@imgur.com
HQRG314844DZFCKF08,gtroutmj@cpanel.net
QAJY649300HXZONK60,gbockmanmk@blogs.com
IDAE453897OLSDEA79,etisunml@businesswire.com
ABEY928509CXQFGB85,mteidemanmm@admin.ch
FLUL813542SQYPIT14,ugledstanemn@soup.io
ZZGJ943075QWQPDC24,wbenzmo@google.com.au
GMEK946068JSWQQS00,oskipmp@sfgate.com
LHHJ574837ADSUZG99,dscheumq@free.fr
DYCI842608CSBHZE66,ftodaromr@unicef.org
SZBX159233HIJIEC58,cmcloneyms@tinyurl.com
NBYY664203UDPUYF15,pkrochmt@icio.us
HNUH083537YLVCRE20,ghappertmu@istockphoto.com
RYIW897855VSLNJF38,treedemv@furl.net
ZVVN182233RTEJTO31,mmacaskillmw@google.es
SJVY808324GWDBTH83,jduesburymx@topsy.com
JFKT305704LZMKJE72,bboziermy@163.com
ZZFW013713KOPSXR48,jgodboldmz@hexun.com
XSPU682226OWARJM81,lhaggerstonen0@amazon.co.uk
UTNQ831690ZHSDMW34,hhankinsn1@time.com
PIAE152531VXATYU75,thanburybrownn2@addthis.com
DHYX309726IXMNLP77,pcrawleyn3@newsvine.com
GVXJ549447ZZIIBW27,lfleyn4@bloglines.com
ODYY533582XDENZC18,amuneelyn5@parallels.com
MROE347523BBVLFB35,sglamartn6@businesswire.com
CECN303373VTOUWI05,gblenkhornn7@marketwatch.com
FSOV499089BWDPOP05,mballingaln8@jigsy.com
ATDQ393460UCYNDW21,elaflinn9@globo.com
VSRG535145LLTZGD82,penriquena@quantcast.com
EPME133695NVLRQB16,mivanyushkinnb@about.com
QTGD892097YCYTWP83,wleavrync@npr.org
OSOS416855RFLNUJ16,ibonnysonnd@taobao.com
XXLS429259ANZSTV22,emougenelne@state.tx.us
MZTD010511XDMITR23,tbraddicknf@china.com.cn
RWNE124441TPBGDE41,eivakinng@bluehost.com
PWVQ012898LETZVD35,epraillnh@huffingtonpost.com
NOLN749832VLSBXZ62,tciccottoni@tmall.com
BQRC489614DKYTDH39,cdabbotdoylenj@google.com.au
AVEU608836KRLRAN02,ndarnbroughnk@eventbrite.com
NNRF316742MUYFXT72,rsimoncellonl@360.cn
ILJE232431ZBZJNN84,msendleynm@slideshare.net
KKBM668363EPEFVV92,ggillionsnn@myspace.com
LGIE646302ZDITXY23,gramstedno@wordpress.org
YLBB796697AXZNET42,hbufferynp@weibo.com
UOZR629398NRPLHE40,ephythonnq@state.tx.us
BUVK741510FYYTPA91,dgarmstonnr@booking.com
IBFZ691677XSFSXZ92,zaycens@plala.or.jp
BRLF354029FGUGSS48,vwavishnt@about.me
SABQ395219GGMJYM40,gsloannu@simplemachines.org
APLZ079306UJHUNJ66,dhoylandnv@seesaa.net
KRSQ312647YBBAND30,nmattingsonnw@eepurl.com
ZAGS052056GHRLNV07,dlendonnx@dmoz.org
UGDP735001DUYHXH50,kketchenny@patch.com
VLRS819199JGZXJV59,ralwinnz@mlb.com
MXSQ132049CCNOMA06,fchamberso0@about.com
MEBG435056KFVVAV69,dmarciskewskio1@ustream.tv
VOLK627273OGSKJI57,fslatoro2@zimbio.com
MJWN699142RZAPRD49,tcissono3@abc.net.au
XAVK172341SBABVS52,jswantono4@accuweather.com
OZHE521606TKUYKM94,rlatano5@miitbeian.gov.cn
OERT537400MNXQFA91,sreederso6@arizona.edu
DNPZ383036MPQITD56,apasticznyko7@sourceforge.net
PEKW524757QYOZAM12,seilerto8@intel.com
BBXV717100CEHNQI85,gsparkeso9@google.it
RBLC053612BEPYUX55,abootheoa@weebly.com
SFVR819581LJPLDR65,vpoelob@livejournal.com
OMLA529358XEWWTO05,hfortuneoc@freewebs.com
YOEI889993XKZLWJ39,laldineod@histats.com
WJDM950955JPRKBX06,mdanihelkaoe@apple.com
VMWN692680OUKYWH79,sleblondof@rambler.ru
FBBK565665UIQIVG63,dlisleog@webmd.com
USCG372467ESSWLZ31,kcolletonoh@squarespace.com
VFMK586542ZBBTIG19,pcriselloi@flavors.me
BZBD715326ZFHCWG78,garnholzoj@seattletimes.com
FAZF762275AOCDMG89,fbroshok@gov.uk
RJXC526459KQAXNF53,cdavysol@nymag.com
EBFP086397ZSKWUG86,rdefilippoom@hao123.com
RJES209782BOZVWL64,tgrigoliison@merriam-webster.com
FIJG039385XNMEEN57,kgoodfieldoo@tuttocitta.it
BVVP743848SWCBBG81,acordaroyop@creativecommons.org
SIMG555577OKMALE55,dlowresoq@feedburner.com
ZWOE272744MPKGCF27,ocussinsor@google.com.br
MYUV771295FEGKRE30,dsymcockos@discuz.net
IJAS229527YWVTZH97,ljeuneot@scribd.com
KCIM367900VXDMUH15,snormantonou@booking.com
TYRN948777GXNCJR75,awalkinshawov@psu.edu
LWPN480983MGYNZZ77,acruwysow@digg.com
ZWFY922924GCILTG66,cbentonox@indiatimes.com
DZDI697849KDVGCR92,bcoughoy@tumblr.com
QWOG657764MCHXVR80,agealleoz@ihg.com
LJOV393350SAXTIT21,csanhamp0@salon.com
GSAM019200QVLEUP84,bbevensp1@technorati.com
ZUAP551937BKFZHP96,ebroseniusp2@smh.com.au
NKYF406423QFZZGA30,jcraddockp3@bluehost.com
IWTB188993PEDYLT58,nswaylandp4@walmart.com
YQHA047205KRODCO47,isharkp5@domainmarket.com
ZCOQ622083QBHSPN35,wmacadamp6@mapy.cz
WEXJ847097OFATSD41,benosp7@nytimes.com
RWVS324979MJEJKU07,pwringep8@mtv.com
FXFW988199MZERAD41,asegotp9@nasa.gov
CALX507494EGJHCL40,jsainsberrypa@nationalgeographic.com
QWJB990225ROAXQV42,bconrardpb@delicious.com
NQJI348395SJCNVR86,mdirandpc@myspace.com
USZK908948BWODRV95,jlennardepd@yolasite.com
OZIP126710WLIUPO59,bliccardipe@360.cn
KRPH680514BFAJCL52,asilverspf@ca.gov
OAZA901264HJFACB47,csnodinpg@dropbox.com
DAMM972665UEUFYI99,hbruggenph@mozilla.org
LDBO591518JUTECA61,akmicickipi@themeforest.net
NTID560085WRRWMF32,ftrumppj@com.com
ALVU575885ANUOTR24,tcresseypk@tuttocitta.it
FQJG299165JUFPVF50,jcutillpl@cocolog-nifty.com
GNAW443910VKQVGV86,mlickorishpm@posterous.com
JODT916996DSVBOR68,ajorgesenpn@sourceforge.net
BCSU549287QQXOTN69,dmouldpo@mlb.com
QQYG863709ECHNOP12,wniavepp@sbwire.com
IZOI867555XZAWKY99,asteinorpq@wikispaces.com
UOJH508158UKGEQE43,cboshierpr@auda.org.au
OUEG644148HBKVNJ39,omcgiffordps@sciencedaily.com
TKVV908739OVLRLB03,sebleinpt@goo.gl
NONX818566LOIPKB27,cratepu@barnesandnoble.com
QMWY082409AEYLBF17,mleiskpv@mediafire.com
SUZP248366XSHMRZ14,ccharerpw@slideshare.net
BBPC462663MKTWYT84,bmoranpx@psu.edu
RSBP006956RPGOBB18,fspaughtonpy@yandex.ru
VOAA574459UMGRJW63,vlowthianpz@hexun.com
QTXJ721187AJDNJA18,rbrockestq0@shareasale.com
RGYC241653MCLQWO96,ethurlowq1@blogs.com
DGBR251777LHOPAM31,ijedrzejczakq2@163.com
KLKT307823YMYHSD21,nreinmarq3@exblog.jp
ZLTQ482419PLJHCX06,emussoq4@utexas.edu
YBZM085469GNKTQJ32,aburneq5@wikipedia.org
WMLW435271PESSJD51,linmanq6@odnoklassniki.ru
SWOI918138YDHZOQ26,kaddyq7@wordpress.com
WWQR952969VUCQLX00,tlestrangeq8@amazonaws.com
DQUB002228JJMKWZ58,fghiroldiq9@weather.com
HZPB605599MMIVMP98,wleelqa@yellowpages.com
DGSW653736UTISSK62,bjanssenqb@newsvine.com
WWLB170723RGYGOU84,ushellcrossqc@examiner.com
CVMN957732FTYRWC89,rlowdianeqd@joomla.org
ITBP702501RPPWEM83,hmulderqe@bloglines.com
WVGQ628856RURHID83,gpetrelliqf@princeton.edu
PWMF517274GKCWIG24,vsmithsqg@elegantthemes.com
MOBH366409XQVDSV82,aflemyngqh@facebook.com
LPHX188100YTHGQY79,vbernadeqi@admin.ch
EOAJ412087LFJVWF29,nwaywellqj@oracle.com
PMDH985466WSDLDQ63,aaloshechkinqk@dropbox.com
ZSCX535711ZFWVFT59,kcruzql@engadget.com
RWER080099XOXRHZ59,ahallanqm@irs.gov
DYJF631706AOPJAS96,jdegiovanniqn@sitemeter.com
SZMF592264EYUCAO64,tcornsqo@howstuffworks.com
SEAO401676ZMTJDO38,mitzakovitzqp@weather.com
NILT608651MBEARF24,krosentholerqq@delicious.com
SHWV778025BRERKN42,esemradqr@cam.ac.uk
LJMX400393RDTPVI23,dverdyqs@cdc.gov
MHPT548529LCKXFI54,sthomelqt@jimdo.com
IRRA843315GYCCWJ14,vyoungqu@indiatimes.com
JCBT653904ZBDMFI68,cvassieqv@creativecommons.org
GTTF078167UJWULK31,mstalfqw@hostgator.com
XZTZ524697OQCBHJ38,nrhubottomqx@dedecms.com
WNLC470914APRKRI17,rmudgeqy@slideshare.net
LDCA757793ZCNAFG32,acasleyqz@moonfruit.com
PWSE844391UGEOKF33,tmiguelr0@webmd.com
ONIV022612PCYHIR40,vhogginsr1@discovery.com
OGPX467933KLSOCB81,rbozworthr2@spiegel.de
UTGS657575NMHZOW26,mparkenr3@simplemachines.org
WCZM126640LRTJEG75,ecolleerr4@seesaa.net
CNPP983046TDMKXH97,bstothertr5@trellian.com
LXCL628287JVTKZO56,lmclearyr6@reuters.com
EDTU516977RCWJFS48,rszachniewiczr7@yelp.com
NNOY386093QAFSIP14,arowthr8@fda.gov
IPNN860168ZTSCJS60,jmicklewrightr9@phoca.cz
SIUI663457JNPREF05,cglaisnerra@issuu.com
KLXP871471MEBAOM08,mkeppyrb@ustream.tv
PJLV740891HEXDME56,pranaghanrc@nyu.edu
FIXW559082HAMCVB78,trowanrd@cam.ac.uk
PQTY058112HOEZEK43,ztheodorere@ft.com
VTEY801956UKQLZM85,bpalmarrf@yale.edu
MBUS199524WPEKHN54,csplevingsrg@imgur.com
HZQK776294RVCNOQ73,jmanochrh@feedburner.com
PFYH596139GNUCTH51,mseabrightri@guardian.co.uk
TFRX475547MFOXGA63,nbergetrj@bloglines.com
HKZE171034SLJYOF95,cbawlesrk@weebly.com
DCKZ727795PTWIXE01,khalstonrl@ehow.com
ZVWH555885JTPVFD04,klavenrm@livejournal.com
YWOV499494HSWJIU20,hbyasrn@oracle.com
PIEN774010QFBMZQ21,cbuesnelro@statcounter.com
AMYE259447PYPXIL11,vkatzrp@stanford.edu
BHOW199554PNYPAR52,fvoffrq@canalblog.com
DWED591844LRIFRD48,vrothchildrr@geocities.jp
